,Drop_Reason,File_List,Street,Text
0,SCORE LESS THAN CUTOFF,['test/no_ads/margins_fixed/cropped/entry/1978_Page_51 (1)_28.png'],NORTH HOWARD AVE,Di Stefano & Co 741 Howard Bldg
1,SCORE LESS THAN CUTOFF,"['test/no_ads/margins_fixed/cropped/entry/1978_Page_51 (1)_29.png', 'test/no_ads/margins_fixed/cropped/entry/1978_Page_51 (1)_30.png']",7TH ST,"Ernst & Ernst One Hospital Trust Plaza (02903), Tel 331-7000"
2,FAILED TO PARSE AN ADDRESS,['test/no_ads/margins_fixed/cropped/entry/1978_Page_51 (2)_1.png'],N/A,
3,SCORE LESS THAN CUTOFF,['test/no_ads/margins_fixed/cropped/entry/1978_Page_51 (3)_4.png'],4TH ST,Ernst & Ernst One Hosp Trust Plaza 17th Fl
4,EMPTY STREET,"['test/no_ads/margins_fixed/cropped/entry/1978_Page_51 (3)_5.png', 'test/no_ads/margins_fixed/cropped/entry/1978_Page_51 (3)_6.png']",,Ervanian Stanley S 111-Westminster St Rm 523
5,SCORE LESS THAN CUTOFF,['test/no_ads/margins_fixed/cropped/entry/1978_Page_51 (3)_33.png'],GLEN ST,Mastroianni Anthony J 15 Lewis St (N Prov)
6,FAILED TO PARSE AN ADDRESS,['test/no_ads/margins_fixed/cropped/entry/1978_Page_52 (1)_32.png'],N/A,G T SAFETY EQUIPMENT INC
7,SCORE LESS THAN CUTOFF,['test/no_ads/margins_fixed/cropped/entry/1978_Page_52 (1)_48.png'],NORTH HOWARD AVE,Underwriters Adjusting Co 630 Howard Bldg
8,SCORE LESS THAN CUTOFF,['test/no_ads/margins_fixed/cropped/entry/1978_Page_52 (1)_86.png'],NORTH HOWARD AVE,King J Howard Inc 220 Howard Bldg
9,SCORE LESS THAN CUTOFF,['test/no_ads/margins_fixed/cropped/entry/1978_Page_52 (2)_10.png'],NORTH HOWARD AVE,Patterson George Co Inc Rm434 Howard Bldg
10,FAILED TO PARSE AN ADDRESS,['test/no_ads/margins_fixed/cropped/entry/1978_Page_52 (3)_4.png'],N/A,American Airlines Howard Bldg
11,SCORE LESS THAN CUTOFF,"['test/no_ads/margins_fixed/cropped/entry/1978_Page_52 (3)_28.png', 'test/no_ads/margins_fixed/cropped/entry/1978_Page_52 (3)_29.png', 'test/no_ads/margins_fixed/cropped/entry/1978_Page_52 (3)_30.png', 'test/no_ads/margins_fixed/cropped/entry/1978_Page_52 (3)_31.png']",BALTON RD,"ALLSTATE AMBULANCE SERVICE INC 57 Budlong Rd (Cranston; 02920), Tel 944-4350 Branch Officez 7 Turner St, Warren, R I (02885), Tel 944-4350"
12,FAILED TO PARSE AN ADDRESS,['test/no_ads/margins_fixed/cropped/entry/1978_Page_52 (3)_41.png'],N/A,
13,SCORE LESS THAN CUTOFF,['test/no_ads/margins_fixed/cropped/entry/1978_Page_52 (3)_60.png'],4TH ST,CAPITOL ANSWERING SERVICE-l414
14,SCORE LESS THAN CUTOFF,"['test/no_ads/margins_fixed/cropped/entry/1978_Page_52 (3)_61.png', 'test/no_ads/margins_fixed/cropped/entry/1978_Page_52 (3)_62.png', 'test/no_ads/margins_fixed/cropped/entry/1978_Page_52 (3)_63.png']",FAIRFIELD AVE,"nAtwood Av (Johnston; 02919), frel- 631-5337 And 781-3848 (See 1116"" Advertisers)"
15,EMPTY STREET,"['test/no_ads/margins_fixed/cropped/entry/1978_Page_53 (1)_13.png', 'test/no_ads/margins_fixed/cropped/entry/1978_Page_53 (1)_14.png']",,Horn Of Plenty Antiques The Weybosset St 4th Fl
16,SCORE LESS THAN CUTOFF,"['test/no_ads/margins_fixed/cropped/entry/1978_Page_53 (1)_44.png', 'test/no_ads/margins_fixed/cropped/entry/1978_Page_53 (1)_45.png']",REYNOLDS AVE,Begkmor Apartments 1252 Douglds Av (N Prov)
17,FAILED TO PARSE AN ADDRESS,['test/no_ads/margins_fixed/cropped/entry/1978_Page_53 (1)_65.png'],N/A,
18,EMPTY STREET,['test/no_ads/margins_fixed/cropped/entry/1978_Page_53 (1)_71.png'],,Carroll Joseph P Tower 243-Smith St
19,EMPTY STREET,['test/no_ads/margins_fixed/cropped/entry/1978_Page_53 (2)_15.png'],,Eight Elmgrove Av Apts 8 Elmgrove Av
20,EMPTY STREET,['test/no_ads/margins_fixed/cropped/entry/1978_Page_53 (2)_32.png'],,Fifty Common St Apts 50 Common St
21,FAILED TO PARSE AN ADDRESS,['test/no_ads/margins_fixed/cropped/entry/1978_Page_53 (2)_39.png'],N/A,
22,SCORE LESS THAN CUTOFF,['test/no_ads/margins_fixed/cropped/entry/1978_Page_53 (2)_40.png'],GOVERNOR ST,Governor Abartments Inc 198 GoJemor St
23,FAILED TO PARSE AN ADDRESS,['test/no_ads/margins_fixed/cropped/entry/1978_Page_53 (2)_49.png'],N/A,
24,SCORE LESS THAN CUTOFF,['test/no_ads/margins_fixed/cropped/entry/1978_Page_53 (2)_53.png'],PITMAN ST,Ivanhoe Apartments 79 Ivan St (N Prov)
25,EMPTY STREET,['test/no_ads/margins_fixed/cropped/entry/1978_Page_53 (2)_79.png'],,Metcalf Court 555'Veazie St (N Prov)
26,SCORE LESS THAN CUTOFF,['test/no_ads/margins_fixed/cropped/entry/1978_Page_53 (3)_68.png'],BARDEN ST,Yorktown Village Apts 1-14 Ternay Gardens
27,SCORE LESS THAN CUTOFF,['test/no_ads/margins_fixed/cropped/entry/1978_Page_54 (2)_18.png'],HOPE ST,Allen Irene B Mrs 19 Mt Hope Av
28,SCORE LESS THAN CUTOFF,"['test/no_ads/margins_fixed/cropped/entry/1978_Page_54 (3)_68.png', 'test/no_ads/margins_fixed/cropped/entry/1978_Page_54 (3)_69.png']",PROVIDENCE ST,"Letts Quinn & Licht 1616 Hospital Trust Tower Providence, RI 02903 Tel 421-5650"
29,SCORE LESS THAN CUTOFF,['test/no_ads/margins_fixed/cropped/entry/1978_Page_55 (1)_71.png'],MARTIN AVE,T B A Inc 120 Main'mn Av
30,FAILED TO PARSE AN ADDRESS,['test/no_ads/margins_fixed/cropped/entry/1978_Page_55 (1)_83.png'],N/A,A (N Prov)
31,SCORE LESS THAN CUTOFF,"['test/no_ads/margins_fixed/cropped/entry/1978_Page_55 (2)_29.png', 'test/no_ads/margins_fixed/cropped/entry/1978_Page_55 (2)_30.png']",LOCUST AVE,Detroit Auto Body Rear 1184 Douglas Av (N Prov)
32,SCORE LESS THAN CUTOFF,"['test/no_ads/margins_fixed/cropped/entry/1978_Page_55 (3)_16.png', 'test/no_ads/margins_fixed/cropped/entry/1978_Page_55 (3)_17.png', 'test/no_ads/margins_fixed/cropped/entry/1978_Page_55 (3)_18.png']",CREST AVE,"KNIGHTS GARAGE DATSUN BMW 225 Cowesett Av (West Warwick; 02893), Tel 828-0446"
33,EMPTY STREET,"['test/no_ads/margins_fixed/cropped/entry/1978_Page_55 (3)_52.png', 'test/no_ads/margins_fixed/cropped/entry/1978_Page_55 (3)_53.png', 'test/no_ads/margins_fixed/cropped/entry/1978_Page_55 (3)_54.png']",3 ,"WEBBER CHEVROLET CO Tioque Av, Route 3 (Coventry, R I; 02816), Tel 821-8700"
34,SCORE LESS THAN CUTOFF,['test/no_ads/margins_fixed/cropped/entry/1978_Page_55 (3)_74.png'],ELM ST,Fleetwood Auto Sales 17 Thelma St (N Prov)
35,EMPTY STREET,['test/no_ads/margins_fixed/cropped/entry/1978_Page_60 (1)_64.png'],,RoB's Hair Styling 93'Eddy St Rm 402
36,SCORE LESS THAN CUTOFF,"['test/no_ads/margins_fixed/cropped/entry/1978_Page_60 (1)_65.png', 'test/no_ads/margins_fixed/cropped/entry/1978_Page_60 (1)_66.png']",HOWARD AVE,Rosalies Beauty Salon 545 Woodward Rd (N Prov)
37,SCORE LESS THAN CUTOFF,['test/no_ads/margins_fixed/cropped/entry/1978_Page_60 (1)_71.png'],WHITING ST,Salon 220 Haircutting 220 Waterman St
38,SCORE LESS THAN CUTOFF,"['test/no_ads/margins_fixed/cropped/entry/1978_Page_60 (1)_89.png', 'test/no_ads/margins_fixed/cropped/entry/1978_Page_60 (1)_90.png']",HOWARD AVE,Starles By Mr Carmen 461 Woodward Rd (N Prov)
39,FAILED TO PARSE AN ADDRESS,['test/no_ads/margins_fixed/cropped/entry/1978_Page_60 (1)_97.png'],N/A,
40,SCORE LESS THAN CUTOFF,"['test/no_ads/margins_fixed/cropped/entry/1978_Page_60 (2)_2.png', 'test/no_ads/margins_fixed/cropped/entry/1978_Page_60 (2)_3.png']",GLEN ST,Terry Trottefs Beauty Shop Rear 201 Lewis St (N Prov)
41,SCORE LESS THAN CUTOFF,"['test/no_ads/margins_fixed/cropped/entry/1978_Page_60 (2)_5.png', 'test/no_ads/margins_fixed/cropped/entry/1978_Page_60 (2)_6.png']",BARKER AVE,Town & Country House Of Charm 148 Barrett Av (N Prov)
42,FAILED TO PARSE AN ADDRESS,['test/no_ads/margins_fixed/cropped/entry/1978_Page_60 (3)_51.png'],N/A,
43,SCORE LESS THAN CUTOFF,['test/no_ads/margins_fixed/cropped/entry/1978_Page_60 (3)_62.png'],SOMERSET ST,Abraams Philip Inc 1 Pomfret St
44,SCORE LESS THAN CUTOFF,['test/no_ads/margins_fixed/cropped/entry/1978_Page_61 (1)_21.png'],OCONNELL ST,Maylor Alan I Co Inc 161 O1COnne11 St
45,SCORE LESS THAN CUTOFF,"['test/no_ads/margins_fixed/cropped/entry/1978_Page_61 (1)_55.png', 'test/no_ads/margins_fixed/cropped/entry/1978_Page_61 (1)_56.png']",4TH ST,Hutton E F Company Inc One Hosp Trust Plaza 24th Fl
46,SCORE LESS THAN CUTOFF,"['test/no_ads/margins_fixed/cropped/entry/1978_Page_61 (1)_60.png', 'test/no_ads/margins_fixed/cropped/entry/1978_Page_61 (1)_61.png']",4TH ST,Merrill Lynch Pierce Fenner & Smith Inc One Hosp Trust Plaza 14th Fl
47,SCORE LESS THAN CUTOFF,"['test/no_ads/margins_fixed/cropped/entry/1978_Page_61 (1)_65.png', 'test/no_ads/margins_fixed/cropped/entry/1978_Page_61 (1)_66.png']",4TH ST,Paine Webber Jackson & Curtis Inc One Hosp Trust Plaza 15th Fl
48,SCORE LESS THAN CUTOFF,['test/no_ads/margins_fixed/cropped/entry/1978_Page_61 (1)_69.png'],NORTH HOWARD AVE,Reiser Milton P Co Inc 320 Howard Bldg
49,SCORE LESS THAN CUTOFF,"['test/no_ads/margins_fixed/cropped/entry/1978_Page_61 (1)_71.png', 'test/no_ads/margins_fixed/cropped/entry/1978_Page_61 (1)_72.png']",4TH ST,White Weld & Co Inc One Hosp Trust Plaza 18th Fl
50,FAILED TO PARSE AN ADDRESS,"['test/no_ads/margins_fixed/cropped/entry/1978_Page_62 (1)_63.png', 'test/no_ads/margins_fixed/cropped/entry/1978_Page_62 (1)_64.png']",N/A,Rhode Island Hospital Trust Natl Bank Building One Hosp Trust Plaza
51,SCORE LESS THAN CUTOFF,"['test/no_ads/margins_fixed/cropped/entry/1978_Page_62 (2)_36.png', 'test/no_ads/margins_fixed/cropped/entry/1978_Page_62 (2)_37.png', 'test/no_ads/margins_fixed/cropped/entry/1978_Page_62 (2)_38.png']",BLAINE ST,"HOME & COMMERCIAL SECURITY 44 Blanding Rd, (Rehoboth Mass, 02769), Tel 336-8833"
52,SCORE LESS THAN CUTOFF,"['test/no_ads/margins_fixed/cropped/entry/1978_Page_62 (2)_71.png', 'test/no_ads/margins_fixed/cropped/entry/1978_Page_62 (2)_72.png', 'test/no_ads/margins_fixed/cropped/entry/1978_Page_62 (2)_73.png', 'test/no_ads/margins_fixed/cropped/entry/1978_Page_62 (2)_74.png']",BELMORE RD,"A BMDICK COMPANY 1 Braemore Way (Warwick; 02887), Sales Tel 738-3400; Service Tel 738-8450 (See Index Tor Advertisers)"
53,SCORE LESS THAN CUTOFF,['test/no_ads/margins_fixed/cropped/entry/1978_Page_62 (3)_71.png'],SOMERSET ST,Stiller Carpet Co 9 Pomfret St
54,SCORE LESS THAN CUTOFF,"['test/no_ads/margins_fixed/cropped/entry/1978_Page_63 (1)_19.png', 'test/no_ads/margins_fixed/cropped/entry/1978_Page_63 (1)_20.png']",VILLA AVE,"JAY INDUSTRIES INC 43 Dyerville Av (Johnston; 02919), Tel 351-0100"
55,EMPTY STREET,['test/no_ads/margins_fixed/cropped/entry/1978_Page_63 (1)_53.png'],,Sweeney Caterer Inc Rear 85Dartmouth Av
56,SCORE LESS THAN CUTOFF,"['test/no_ads/margins_fixed/cropped/entry/1978_Page_63 (1)_63.png', 'test/no_ads/margins_fixed/cropped/entry/1978_Page_63 (1)_64.png']",SMITH ST,Brunca Waterproofing Corp 1 Goldsmith St (N Prov)
57,FAILED TO PARSE AN ADDRESS,['test/no_ads/margins_fixed/cropped/entry/1978_Page_63 (2)_7.png'],N/A,CATHOLIC CEMETERIES
58,SCORE LESS THAN CUTOFF,['test/no_ads/margins_fixed/cropped/entry/1978_Page_63 (2)_11.png'],I 95,278-457 5
59,EMPTY STREET,"['test/no_ads/margins_fixed/cropped/entry/1978_Page_63 (2)_14.png', 'test/no_ads/margins_fixed/cropped/entry/1978_Page_63 (2)_15.png', 'test/no_ads/margins_fixed/cropped/entry/1978_Page_63 (2)_16.png']",,"HIGHLAND MEMORIAL PARK Rhode Island Av (Johnston; 02919), Tel 231- 1440 (See Index To Advertisers)"
60,SCORE LESS THAN CUTOFF,"['test/no_ads/margins_fixed/cropped/entry/1978_Page_63 (2)_26.png', 'test/no_ads/margins_fixed/cropped/entry/1978_Page_63 (2)_27.png']",CLARK ST,Stephen Olney Historical Cemetery 15 Park Hill Dr (N Prov)
61,SCORE LESS THAN CUTOFF,['test/no_ads/margins_fixed/cropped/entry/1978_Page_63 (2)_61.png'],NORTH HOWARD AVE,Superfan Of America Inc 842 Howard Bldg
62,SCORE LESS THAN CUTOFF,['test/no_ads/margins_fixed/cropped/entry/1978_Page_63 (3)_8.png'],NORTH HOWARD AVE,Cain & Divver Inc 428 Howard Bldg
63,EMPTY STREET,['test/no_ads/margins_fixed/cropped/entry/1978_Page_63 (3)_12.png'],,Lenox Chemical Co Printery St
64,EMPTY STREET,"['test/no_ads/margins_fixed/cropped/entry/1978_Page_64 (2)_47.png', 'test/no_ads/margins_fixed/cropped/entry/1978_Page_64 (2)_48.png', 'test/no_ads/margins_fixed/cropped/entry/1978_Page_64 (2)_49.png']",,"ST PIUS ROMAN CATHOLIC CHURCH Elmhurst Av And Eaton St (02908), Tel 751-4871"
65,FAILED TO PARSE AN ADDRESS,['test/no_ads/margins_fixed/cropped/entry/1978_Page_64 (2)_69.png'],N/A,St
66,FAILED TO PARSE AN ADDRESS,['test/no_ads/margins_fixed/cropped/entry/1978_Page_64 (3)_3.png'],N/A,POLK R L & CO
67,SCORE LESS THAN CUTOFF,['test/no_ads/margins_fixed/cropped/entry/1978_Page_64 (3)_42.png'],BARKER AVE,Hilltop Cleaners 148 Barrett Av (N Prov)
68,SCORE LESS THAN CUTOFF,['test/no_ads/margins_fixed/cropped/entry/1978_Page_65 (2)_3.png'],ATWELLS AVE,Lambert Joseph J Rev 901 AtWeIIs Av
69,SCORE LESS THAN CUTOFF,['test/no_ads/margins_fixed/cropped/entry/1978_Page_65 (2)_36.png'],BENTON ST,Paiva Antonio M Rev 463 Benth St
70,SCORE LESS THAN CUTOFF,['test/no_ads/margins_fixed/cropped/entry/1978_Page_65 (2)_83.png'],HOPE ST,Williams Cornelius B Rev 51 Mt Hope Av
71,FAILED TO PARSE AN ADDRESS,['test/no_ads/margins_fixed/cropped/entry/1978_Page_65 (3)_13.png'],N/A,Rhode Island Hearing Center Corliss Park
72,FAILED TO PARSE AN ADDRESS,['test/no_ads/margins_fixed/cropped/entry/1978_Page_65 (3)_46.png'],N/A,2100 (See Index To Advertisers)
73,SCORE LESS THAN CUTOFF,['test/no_ads/margins_fixed/cropped/entry/1978_Page_65 (3)_73.png'],LOCUST AVE,Chi Chi's Ltd 1394 Douglas Av (N Prov)
74,SCORE LESS THAN CUTOFF,['test/no_ads/margins_fixed/cropped/entry/1978_Page_69 (1)_12.png'],MARISA LN,De Cesare Anthony C 15 Maria Av
75,SCORE LESS THAN CUTOFF,"['test/no_ads/margins_fixed/cropped/entry/1978_Page_69 (1)_51.png', 'test/no_ads/margins_fixed/cropped/entry/1978_Page_69 (1)_52.png', 'test/no_ads/margins_fixed/cropped/entry/1978_Page_69 (1)_53.png', 'test/no_ads/margins_fixed/cropped/entry/1978_Page_69 (1)_54.png']",GREENE ST,"MILLER CHAS CO 484 Greenville Av, Johnston, R I (02919), Tels 231-0680 And 781-0600 (See Index To Advertisers)"
76,SCORE LESS THAN CUTOFF,['test/no_ads/margins_fixed/cropped/entry/1978_Page_69 (2)_30.png'],CUSANO ST,De Falco Joseph H Jr 64 Cushing St (N Prov)
77,SCORE LESS THAN CUTOFF,['test/no_ads/margins_fixed/cropped/entry/1978_Page_69 (2)_37.png'],EAST AVE,Insana Thos D 1248 Deuglas Av (N Prov)
78,SCORE LESS THAN CUTOFF,['test/no_ads/margins_fixed/cropped/entry/1978_Page_69 (2)_57.png'],LANTAGNE AVE,Ranallo Thos R 23 Longue Vue Av (N Prov)
79,SCORE LESS THAN CUTOFF,['test/no_ads/margins_fixed/cropped/entry/1978_Page_69 (2)_66.png'],KINFIELD ST,Velleti'i Plumbing & Heating 35 Kinf'leld St
80,SCORE LESS THAN CUTOFF,['test/no_ads/margins_fixed/cropped/entry/1978_Page_69 (3)_55.png'],ALBANY ST,Brisk Water Proofing Co Inc 6 Alrny St
81,EMPTY STREET,['test/no_ads/margins_fixed/cropped/entry/1978_Page_69 (3)_69.png'],,Tri State Equipment Corp Fields Point Dr
82,SCORE LESS THAN CUTOFF,['test/no_ads/margins_fixed/cropped/entry/1978_Page_70 (1)_29.png'],VERNDALE AVE,Saint Thomas Convent 41 Edendale Av
83,FAILED TO PARSE AN ADDRESS,"['test/no_ads/margins_fixed/cropped/entry/1978_Page_70 (1)_39.png', 'test/no_ads/margins_fixed/cropped/entry/1978_Page_70 (1)_40.png']",N/A,406
84,SCORE LESS THAN CUTOFF,['test/no_ads/margins_fixed/cropped/entry/1978_Page_70 (1)_59.png'],BRISTOW ST,Rankin Harold Inc 28 Bishop St
85,FAILED TO PARSE AN ADDRESS,['test/no_ads/margins_fixed/cropped/entry/1978_Page_70 (1)_68.png'],N/A,*CREDIT BUREAUS
86,SCORE LESS THAN CUTOFF,"['test/no_ads/margins_fixed/cropped/entry/1978_Page_70 (2)_8.png', 'test/no_ads/margins_fixed/cropped/entry/1978_Page_70 (2)_9.png']",SYCAMORE ST,"JEWELERS BOARD OF TRADE INC 70 Catamore Blvd (02914), Tel 438-0750"
87,SCORE LESS THAN CUTOFF,['test/no_ads/margins_fixed/cropped/entry/1978_Page_70 (2)_57.png'],LOCUST AVE,Tiffany Creations 1394 Douglas Av (N Prov)
88,SCORE LESS THAN CUTOFF,['test/no_ads/margins_fixed/cropped/entry/1978_Page_70 (2)_84.png'],3RD ST,Cumberland Farms Dairir Stores 1297 33094 St
89,SCORE LESS THAN CUTOFF,['test/no_ads/margins_fixed/cropped/entry/1978_Page_70 (3)_30.png'],BRISTOW ST,New Vermont Creamery Co 39 Bishop St
90,SCORE LESS THAN CUTOFF,['test/no_ads/margins_fixed/cropped/entry/1978_Page_71 (1)_21.png'],DELHI ST,Club 45 Deli Inc 45 Eddy St
91,SCORE LESS THAN CUTOFF,"['test/no_ads/margins_fixed/cropped/entry/1978_Page_71 (2)_37.png', 'test/no_ads/margins_fixed/cropped/entry/1978_Page_71 (2)_38.png']",PARKWAY AVE,Goldenberg Richd M 2 Jack-son Walkway Suite
92,SCORE LESS THAN CUTOFF,['test/no_ads/margins_fixed/cropped/entry/1978_Page_71 (2)_65.png'],QUEEN ST,Lewis A Budner 295 quernor St
93,EMPTY STREET,['test/no_ads/margins_fixed/cropped/entry/1978_Page_71 (3)_57.png'],2100 ,333-2100 (See Index To Advertisers)
94,SCORE LESS THAN CUTOFF,['test/no_ads/margins_fixed/cropped/entry/1978_Page_72 (1)_14.png'],NORTH HOWARD AVE,Pinkertonis Inc 330 Howard Bldg
95,SCORE LESS THAN CUTOFF,['test/no_ads/margins_fixed/cropped/entry/1978_Page_72 (1)_30.png'],TAPPAN ST,Collins R A Co 12 Tippecanoe St
96,FAILED TO PARSE AN ADDRESS,['test/no_ads/margins_fixed/cropped/entry/1978_Page_72 (1)_42.png'],N/A,POLK R L & CO
97,SCORE LESS THAN CUTOFF,"['test/no_ads/margins_fixed/cropped/entry/1978_Page_72 (3)_40.png', 'test/no_ads/margins_fixed/cropped/entry/1978_Page_72 (3)_41.png', 'test/no_ads/margins_fixed/cropped/entry/1978_Page_72 (3)_42.png', 'test/no_ads/margins_fixed/cropped/entry/1978_Page_72 (3)_43.png']",BELMORE RD,"A B DICK COMPANY 1 Braemore Way (Warwick; 02887), Sales Tel 738-8400, Service Tel 738-8450 (See Index To Advertisers)"
98,SCORE LESS THAN CUTOFF,"['test/no_ads/margins_fixed/cropped/entry/1978_Page_73 (1)_49.png', 'test/no_ads/margins_fixed/cropped/entry/1978_Page_73 (1)_50.png', 'test/no_ads/margins_fixed/cropped/entry/1978_Page_73 (1)_51.png', 'test/no_ads/margins_fixed/cropped/entry/1978_Page_73 (1)_52.png']",10TH ST,"GRECO BROTHERS ELECTRIC SERVICE CORP 42 801101118 Court (02909), Tel 421-9306, Emergency Tel 738-6381"
99,SCORE LESS THAN CUTOFF,['test/no_ads/margins_fixed/cropped/entry/1978_Page_73 (2)_25.png'],NORTH HOWARD AVE,Career Girls 742 Howard Bldg
100,SCORE LESS THAN CUTOFF,['test/no_ads/margins_fixed/cropped/entry/1978_Page_73 (2)_28.png'],NORTH HOWARD AVE,Fox Schmidt Associates 10 Howard Bldg 313
101,SCORE LESS THAN CUTOFF,['test/no_ads/margins_fixed/cropped/entry/1978_Page_73 (2)_46.png'],NORTH HOWARD AVE,Majewski Of Rhode Island 712 Howard Bldg
102,SCORE LESS THAN CUTOFF,['test/no_ads/margins_fixed/cropped/entry/1978_Page_73 (2)_51.png'],NORTH HOWARD AVE,Medical Personnel P001 317 Howard Bldg
103,SCORE LESS THAN CUTOFF,['test/no_ads/margins_fixed/cropped/entry/1978_Page_73 (2)_52.png'],NORTH HOWARD AVE,Office Personnel Pool Inc 720 Howard Bldg
104,SCORE LESS THAN CUTOFF,"['test/no_ads/margins_fixed/cropped/entry/1978_Page_73 (2)_59.png', 'test/no_ads/margins_fixed/cropped/entry/1978_Page_73 (2)_60.png']",NORTH HOWARD AVE,Rita Richard P Personnel Services Inc 515 Howard Bldg
105,SCORE LESS THAN CUTOFF,['test/no_ads/margins_fixed/cropped/entry/1978_Page_73 (2)_66.png'],NORTH HOWARD AVE,Xavier Associates 617 Howard Bldg
106,SCORE LESS THAN CUTOFF,['test/no_ads/margins_fixed/cropped/entry/1978_Page_73 (3)_33.png'],NORTH HOWARD AVE,Marcello & Co 700 Howard Bldg
107,FAILED TO PARSE AN ADDRESS,['test/no_ads/margins_fixed/cropped/entry/1978_Page_74 (1)_44.png'],N/A,RHODE ISLAND
108,FAILED TO PARSE AN ADDRESS,['test/no_ads/margins_fixed/cropped/entry/1978_Page_74 (1)_60.png'],N/A,(See Index To Advertisters)
109,SCORE LESS THAN CUTOFF,"['test/no_ads/margins_fixed/cropped/entry/1978_Page_74 (1)_70.png', 'test/no_ads/margins_fixed/cropped/entry/1978_Page_74 (1)_71.png']",DESOTO ST,"KENT EXTERMINATORS INC 26 DeSota Av (Warwick; 02886), Tel 737-1555"
110,SCORE LESS THAN CUTOFF,['test/no_ads/margins_fixed/cropped/entry/1978_Page_74 (3)_25.png'],SOMERSET ST,Allyn1s Products Inc 1b Pomfret St
111,ERROR IN STREET MATCHING,['test/no_ads/margins_fixed/cropped/entry/1978_Page_75 (1)_6.png'],02903),(02903)
112,ERROR IN STREET MATCHING,['test/no_ads/margins_fixed/cropped/entry/1978_Page_75 (1)_9.png'],02904),(02904)
113,ERROR IN STREET MATCHING,['test/no_ads/margins_fixed/cropped/entry/1978_Page_75 (1)_12.png'],02906),(02906)
114,ERROR IN STREET MATCHING,['test/no_ads/margins_fixed/cropped/entry/1978_Page_75 (1)_15.png'],02903),(02903)
115,FAILED TO PARSE AN ADDRESS,['test/no_ads/margins_fixed/cropped/entry/1978_Page_75 (1)_20.png'],N/A,(See Index To Advertisers)
116,FAILED TO PARSE AN ADDRESS,['test/no_ads/margins_fixed/cropped/entry/1978_Page_75 (1)_23.png'],N/A,RHODE ISLAND
117,FAILED TO PARSE AN ADDRESS,['test/no_ads/margins_fixed/cropped/entry/1978_Page_75 (1)_56.png'],N/A,Alpha Delta Phi Wriston Quadrangle
118,FAILED TO PARSE AN ADDRESS,['test/no_ads/margins_fixed/cropped/entry/1978_Page_75 (1)_57.png'],N/A,Albha Pi Lambda Phi Wriston andrangle
119,FAILED TO PARSE AN ADDRESS,['test/no_ads/margins_fixed/cropped/entry/1978_Page_75 (1)_58.png'],N/A,Beta Theta Pi Wriston Quadrangle
120,FAILED TO PARSE AN ADDRESS,['test/no_ads/margins_fixed/cropped/entry/1978_Page_75 (1)_59.png'],N/A,Casement House Wriston Quadrangle
121,FAILED TO PARSE AN ADDRESS,['test/no_ads/margins_fixed/cropped/entry/1978_Page_75 (1)_60.png'],N/A,Delta Phi Omega Wriston Quadrangle
122,FAILED TO PARSE AN ADDRESS,['test/no_ads/margins_fixed/cropped/entry/1978_Page_75 (1)_61.png'],N/A,Delta Tau Delta Wriston Quadrangle
123,FAILED TO PARSE AN ADDRESS,['test/no_ads/margins_fixed/cropped/entry/1978_Page_75 (1)_62.png'],N/A,Delta Upsilon Wriston Quadrangle
124,FAILED TO PARSE AN ADDRESS,['test/no_ads/margins_fixed/cropped/entry/1978_Page_75 (1)_63.png'],N/A,LambdavChi Alpha Wriston Quadrangle
125,FAILED TO PARSE AN ADDRESS,['test/no_ads/margins_fixed/cropped/entry/1978_Page_75 (1)_64.png'],N/A,Lambda Sigma Nu Wriston Quadrangle
126,FAILED TO PARSE AN ADDRESS,['test/no_ads/margins_fixed/cropped/entry/1978_Page_75 (1)_65.png'],N/A,Phi Delta Beta Wriston Quadrangle
127,FAILED TO PARSE AN ADDRESS,['test/no_ads/margins_fixed/cropped/entry/1978_Page_75 (1)_66.png'],N/A,Phi Kappa Psi Wriston Quadrangle
128,FAILED TO PARSE AN ADDRESS,['test/no_ads/margins_fixed/cropped/entry/1978_Page_75 (1)_67.png'],N/A,Zeta Psi Wriston Quadrangle
129,SCORE LESS THAN CUTOFF,"['test/no_ads/margins_fixed/cropped/entry/1978_Page_75 (1)_72.png', 'test/no_ads/margins_fixed/cropped/entry/1978_Page_75 (1)_73.png']",CEMETERY ST,Uncle Joe1s Frozen Lemonade 26 Terry St (N Prov)
130,FAILED TO PARSE AN ADDRESS,['test/no_ads/margins_fixed/cropped/entry/1978_Page_75 (2)_52.png'],N/A,ATLANTIC COAL & OIL CO
131,FAILED TO PARSE AN ADDRESS,['test/no_ads/margins_fixed/cropped/entry/1978_Page_75 (2)_55.png'],N/A,1See Index To Advertisers)
132,SCORE LESS THAN CUTOFF,"['test/no_ads/margins_fixed/cropped/entry/1978_Page_75 (2)_56.png', 'test/no_ads/margins_fixed/cropped/entry/1978_Page_75 (2)_57.png', 'test/no_ads/margins_fixed/cropped/entry/1978_Page_75 (2)_58.png']",WEST RIVER ST,"BRENNAN OIL & HEATING CO 1NC 9 Tag Drive (N Providence; 02911), Tel 353-4210 (See Index To Advertisers)"
133,SCORE LESS THAN CUTOFF,"['test/no_ads/margins_fixed/cropped/entry/1978_Page_75 (2)_61.png', 'test/no_ads/margins_fixed/cropped/entry/1978_Page_75 (2)_62.png', 'test/no_ads/margins_fixed/cropped/entry/1978_Page_75 (2)_63.png']",CONCA ST,"CITY OIL COMPANY INC 231 Japonica St (Pawtucket; 02860), Tels 725-8150 And 725-9151"
134,FAILED TO PARSE AN ADDRESS,['test/no_ads/margins_fixed/cropped/entry/1978_Page_75 (2)_67.png'],N/A,ZOE BLOIS OIL CO
135,SCORE LESS THAN CUTOFF,['test/no_ads/margins_fixed/cropped/entry/1978_Page_75 (3)_20.png'],GLEN ST,Nassi Co Oil Service 28 Lewis St (N Prov)
136,SCORE LESS THAN CUTOFF,['test/no_ads/margins_fixed/cropped/entry/1978_Page_75 (3)_79.png'],GRAND BROADWAY,Gattone Thos 81 Son Inc 334 Broadway
137,SCORE LESS THAN CUTOFF,"['test/no_ads/margins_fixed/cropped/entry/1978_Page_76 (2)_23.png', 'test/no_ads/margins_fixed/cropped/entry/1978_Page_76 (2)_24.png', 'test/no_ads/margins_fixed/cropped/entry/1978_Page_76 (2)_25.png', 'test/no_ads/margins_fixed/cropped/entry/1978_Page_76 (2)_26.png']",SALVATI WY,t Mac Donald Laura E Mrs 16 Bellevue Av Matters Salvatore 93 Atwells Av Morency Lionel 61 Parade St Neri Mario 52 Parkis Av
138,SCORE LESS THAN CUTOFF,"['test/no_ads/margins_fixed/cropped/entry/1978_Page_76 (2)_27.png', 'test/no_ads/margins_fixed/cropped/entry/1978_Page_76 (2)_28.png', 'test/no_ads/margins_fixed/cropped/entry/1978_Page_76 (2)_29.png', 'test/no_ads/margins_fixed/cropped/entry/1978_Page_76 (2)_30.png', 'test/no_ads/margins_fixed/cropped/entry/1978_Page_76 (2)_31.png', 'test/no_ads/margins_fixed/cropped/entry/1978_Page_76 (2)_32.png', 'test/no_ads/margins_fixed/cropped/entry/1978_Page_76 (2)_33.png', 'test/no_ads/margins_fixed/cropped/entry/1978_Page_76 (2)_34.png']",BROADWAY ST,"l Palazzo John 51 Plainfield St Princess The 344 Elmwood Av Sacco Louis 81 Ralph 115 Broadway Saint Margaret,s Home 173 Dean St Salois Morris J 125 Parade St Scantleberry Laura Mrs 155 Benefit St Velleco Ralph J 36 Parkis Av Wesleyan Apartments 53 Wesleyan Av"
139,SCORE LESS THAN CUTOFF,"['test/no_ads/margins_fixed/cropped/entry/1978_Page_76 (2)_47.png', 'test/no_ads/margins_fixed/cropped/entry/1978_Page_76 (2)_48.png']",FRUIT HILL AVE,Andor1s TV 81 Furniture Inc 1350 Mineral Spring Av(N Prov)
140,SCORE LESS THAN CUTOFF,['test/no_ads/margins_fixed/cropped/entry/1978_Page_76 (2)_79.png'],LOCUST AVE,Sal's Furniture Inc 1251 Douglas Av (N Prov)
141,FAILED TO PARSE AN ADDRESS,['test/no_ads/margins_fixed/cropped/entry/1978_Page_76 (2)_94.png'],N/A,
142,EMPTY STREET,['test/no_ads/margins_fixed/cropped/entry/1978_Page_76 (3)_21.png'],,Petrolane Transport Fields Point Dr
143,FAILED TO PARSE AN ADDRESS,['test/no_ads/margins_fixed/cropped/entry/1978_Page_76 (3)_26.png'],N/A,PROVIDENCE GAS
144,FAILED TO PARSE AN ADDRESS,['test/no_ads/margins_fixed/cropped/entry/1978_Page_77 (1)_2.png'],N/A,
145,SCORE LESS THAN CUTOFF,"['test/no_ads/margins_fixed/cropped/entry/1978_Page_77 (1)_11.png', 'test/no_ads/margins_fixed/cropped/entry/1978_Page_77 (1)_12.png']",MINERAL SPRING AV,Golden Mineral Spring Sixty Six 1484 Mineral
146,FAILED TO PARSE AN ADDRESS,['test/no_ads/margins_fixed/cropped/entry/1978_Page_77 (1)_19.png'],N/A,
147,FAILED TO PARSE AN ADDRESS,['test/no_ads/margins_fixed/cropped/entry/1978_Page_77 (1)_28.png'],N/A,
148,FAILED TO PARSE AN ADDRESS,['test/no_ads/margins_fixed/cropped/entry/1978_Page_77 (1)_31.png'],N/A,
149,SCORE LESS THAN CUTOFF,['test/no_ads/margins_fixed/cropped/entry/1978_Page_77 (1)_41.png'],LOCUST AVE,Lon's Arco 1232 Douglas Av (N Prov)
150,SCORE LESS THAN CUTOFF,"['test/no_ads/margins_fixed/cropped/entry/1978_Page_77 (1)_46.png', 'test/no_ads/margins_fixed/cropped/entry/1978_Page_77 (1)_47.png']",SERVICE RD NO. 1,Markos Garage 81 Service Station 252 Manton
151,FAILED TO PARSE AN ADDRESS,['test/no_ads/margins_fixed/cropped/entry/1978_Page_77 (1)_70.png'],N/A,
152,ERROR IN STREET MATCHING,['test/no_ads/margins_fixed/cropped/entry/1978_Page_77 (1)_74.png'],81 .,Quality G39 1380 Westminster 81 .
153,FAILED TO PARSE AN ADDRESS,['test/no_ads/margins_fixed/cropped/entry/1978_Page_77 (1)_90.png'],N/A,
154,SCORE LESS THAN CUTOFF,['test/no_ads/margins_fixed/cropped/entry/1978_Page_77 (1)_96.png'],ALLENS AVE,Warren Citgo Service 355 AllensAAv A
155,FAILED TO PARSE AN ADDRESS,['test/no_ads/margins_fixed/cropped/entry/1978_Page_77 (2)_17.png'],N/A,
156,SCORE LESS THAN CUTOFF,"['test/no_ads/margins_fixed/cropped/entry/1978_Page_77 (2)_54.png', 'test/no_ads/margins_fixed/cropped/entry/1978_Page_77 (2)_55.png']",GIBBS ST,Esther1s Cards 81 Gifts One Hosp Trust Plaza lst Fl
157,FAILED TO PARSE AN ADDRESS,['test/no_ads/margins_fixed/cropped/entry/1978_Page_77 (3)_22.png'],N/A,
158,SCORE LESS THAN CUTOFF,['test/no_ads/margins_fixed/cropped/entry/1978_Page_77 (3)_35.png'],ATWELLS AVE,E1en3's Card 81 Gift Shoppe 275 Atwells A9
159,FAILED TO PARSE AN ADDRESS,['test/no_ads/margins_fixed/cropped/entry/1978_Page_77 (3)_48.png'],N/A,
160,EMPTY STREET,['test/no_ads/margins_fixed/cropped/entry/1978_Page_77 (3)_51.png'],,Academy Super Market-1052 Chalkstone Av
161,FAILED TO PARSE AN ADDRESS,['test/no_ads/margins_fixed/cropped/entry/1978_Page_77 (3)_58.png'],N/A,
162,SCORE LESS THAN CUTOFF,['test/no_ads/margins_fixed/cropped/entry/1978_Page_78 (2)_68.png'],TALBOT ST,Wheeler Memorial Hall 15 Cabot St
163,SCORE LESS THAN CUTOFF,['test/no_ads/margins_fixed/cropped/entry/1978_Page_78 (2)_77.png'],BRISTOW ST,W T W Inc 28 Bishop St
164,SCORE LESS THAN CUTOFF,"['test/no_ads/margins_fixed/cropped/entry/1978_Page_79 (1)_13.png', 'test/no_ads/margins_fixed/cropped/entry/1978_Page_79 (1)_14.png', 'test/no_ads/margins_fixed/cropped/entry/1978_Page_79 (1)_15.png']",I 195,"(02903), Tel 421-5800 (See Index To Advertisers)"
165,FAILED TO PARSE AN ADDRESS,"['test/no_ads/margins_fixed/cropped/entry/1978_Page_79 (1)_17.png', 'test/no_ads/margins_fixed/cropped/entry/1978_Page_79 (1)_18.png']",N/A,St
166,FAILED TO PARSE AN ADDRESS,['test/no_ads/margins_fixed/cropped/entry/1978_Page_79 (1)_23.png'],N/A,OUR LADY OF FATIMA UNIT OF ST
167,EMPTY STREET,"['test/no_ads/margins_fixed/cropped/entry/1978_Page_79 (1)_34.png', 'test/no_ads/margins_fixed/cropped/entry/1978_Page_79 (1)_35.png']",,St Joseph's Hospital (Our Lady Of Fatima Unio'zoo High Service Av (N Prov)
168,EMPTY STREET,"['test/no_ads/margins_fixed/cropped/entry/1978_Page_79 (1)_62.png', 'test/no_ads/margins_fixed/cropped/entry/1978_Page_79 (1)_63.png']",,"MARRIOTT INN Charles At Orms St (02904), Tel 401-272-2400"
169,FAILED TO PARSE AN ADDRESS,['test/no_ads/margins_fixed/cropped/entry/1978_Page_79 (1)_67.png'],N/A,MOVERS
170,SCORE LESS THAN CUTOFF,"['test/no_ads/margins_fixed/cropped/entry/1978_Page_79 (2)_3.png', 'test/no_ads/margins_fixed/cropped/entry/1978_Page_79 (2)_4.png', 'test/no_ads/margins_fixed/cropped/entry/1978_Page_79 (2)_5.png', 'test/no_ads/margins_fixed/cropped/entry/1978_Page_79 (2)_6.png']",6TH ST,"BALLOU JOHNSON & NICHOLS CO One Wholesale Way, Cranston, RI (02920), Tel 463-6700 (See Index T0 Advertisem)"
171,FAILED TO PARSE AN ADDRESS,"['test/no_ads/margins_fixed/cropped/entry/1978_Page_79 (2)_11.png', 'test/no_ads/margins_fixed/cropped/entry/1978_Page_79 (2)_12.png']",N/A,Broadway
172,FAILED TO PARSE AN ADDRESS,['test/no_ads/margins_fixed/cropped/entry/1978_Page_79 (2)_13.png'],N/A,
173,FAILED TO PARSE AN ADDRESS,['test/no_ads/margins_fixed/cropped/entry/1978_Page_79 (2)_14.png'],N/A,
174,FAILED TO PARSE AN ADDRESS,['test/no_ads/margins_fixed/cropped/entry/1978_Page_79 (2)_16.png'],N/A,
175,FAILED TO PARSE AN ADDRESS,['test/no_ads/margins_fixed/cropped/entry/1978_Page_79 (2)_29.png'],N/A,
176,SCORE LESS THAN CUTOFF,"['test/no_ads/margins_fixed/cropped/entry/1978_Page_79 (2)_32.png', 'test/no_ads/margins_fixed/cropped/entry/1978_Page_79 (2)_33.png', 'test/no_ads/margins_fixed/cropped/entry/1978_Page_79 (2)_34.png', 'test/no_ads/margins_fixed/cropped/entry/1978_Page_79 (2)_35.png']",6TH ST,"BALLOU JOHNSON & NICHOLS CO One Wholesale Way, Cranston, RI (02920), Tel 463-6700 (See Index To Advertisers)"
177,FAILED TO PARSE AN ADDRESS,['test/no_ads/margins_fixed/cropped/entry/1978_Page_79 (2)_37.png'],N/A,
178,FAILED TO PARSE AN ADDRESS,['test/no_ads/margins_fixed/cropped/entry/1978_Page_79 (2)_40.png'],N/A,
179,FAILED TO PARSE AN ADDRESS,['test/no_ads/margins_fixed/cropped/entry/1978_Page_79 (2)_41.png'],N/A,
180,SCORE LESS THAN CUTOFF,['test/no_ads/margins_fixed/cropped/entry/1978_Page_79 (2)_42.png'],LOCUST AVE,Dairy Dip 1173 Douglas Av (N Prov)
181,FAILED TO PARSE AN ADDRESS,['test/no_ads/margins_fixed/cropped/entry/1978_Page_79 (3)_2.png'],N/A,
182,SCORE LESS THAN CUTOFF,"['test/no_ads/margins_fixed/cropped/entry/1978_Page_79 (3)_9.png', 'test/no_ads/margins_fixed/cropped/entry/1978_Page_79 (3)_10.png']",STANFIELD ST,india Imports Of Rhode Island Inc 121 Union St3dFl
183,SCORE LESS THAN CUTOFF,['test/no_ads/margins_fixed/cropped/entry/1978_Page_79 (3)_12.png'],NORTH HOWARD AVE,M & G Industries Inc 634 Howard Bldg
184,SCORE LESS THAN CUTOFF,['test/no_ads/margins_fixed/cropped/entry/1978_Page_79 (3)_18.png'],NORTH HOWARD AVE,Nixie Hundred Corp 700 Howard Bldg
185,FAILED TO PARSE AN ADDRESS,"['test/no_ads/margins_fixed/cropped/entry/1978_Page_79 (3)_19.png', 'test/no_ads/margins_fixed/cropped/entry/1978_Page_79 (3)_20.png']",N/A,Harborside Blvd
186,FAILED TO PARSE AN ADDRESS,"['test/no_ads/margins_fixed/cropped/entry/1978_Page_79 (3)_21.png', 'test/no_ads/margins_fixed/cropped/entry/1978_Page_79 (3)_22.png']",N/A,60
187,FAILED TO PARSE AN ADDRESS,['test/no_ads/margins_fixed/cropped/entry/1978_Page_79 (3)_27.png'],N/A,
188,SCORE LESS THAN CUTOFF,['test/no_ads/margins_fixed/cropped/entry/1978_Page_79 (3)_34.png'],BOUGH ST,Industrial Foundry Mills Inc 28 Bjshog St
189,FAILED TO PARSE AN ADDRESS,['test/no_ads/margins_fixed/cropped/entry/1978_Page_79 (3)_50.png'],N/A,INDUSTRIAL NATIONAL BANK Main -
190,SCORE LESS THAN CUTOFF,['test/no_ads/margins_fixed/cropped/entry/1978_Page_79 (3)_60.png'],BROAD ST,"Pk. 1473 Broad St, Tel 941-0496,"
191,SCORE LESS THAN CUTOFF,['test/no_ads/margins_fixed/cropped/entry/1978_Page_79 (3)_62.png'],10TH ST,278-6090
192,SCORE LESS THAN CUTOFF,['test/no_ads/margins_fixed/cropped/entry/1978_Page_79 (3)_64.png'],I 95,CARTIER M N & SONS CO INC 65
193,SCORE LESS THAN CUTOFF,"['test/no_ads/margins_fixed/cropped/entry/1978_Page_79 (3)_65.png', 'test/no_ads/margins_fixed/cropped/entry/1978_Page_79 (3)_66.png']",4TH ST,"Bath St (02908), Tel 331-0400 (See Index To Advertisers)"
194,SCORE LESS THAN CUTOFF,['test/no_ads/margins_fixed/cropped/entry/1978_Page_79 (3)_70.png'],NORTH HOWARD AVE,Acacia Mutual Life Ins 800 Howard Bldgu
195,FAILED TO PARSE AN ADDRESS,['test/no_ads/margins_fixed/cropped/entry/1978_Page_79 (3)_71.png'],N/A,
196,SCORE LESS THAN CUTOFF,"['test/no_ads/margins_fixed/cropped/entry/1978_Page_79 (3)_73.png', 'test/no_ads/margins_fixed/cropped/entry/1978_Page_79 (3)_74.png']",4TH ST,Aetna Life & Casualty Insurance One Hosp Trust Plaza 10th Fl
197,FAILED TO PARSE AN ADDRESS,['test/no_ads/margins_fixed/cropped/entry/1978_Page_79 (3)_78.png'],N/A,
198,SCORE LESS THAN CUTOFF,"['test/no_ads/margins_fixed/cropped/entry/1978_Page_79 (3)_81.png', 'test/no_ads/margins_fixed/cropped/entry/1978_Page_79 (3)_82.png']",4TH ST,Howard Bldg Rm 334
199,FAILED TO PARSE AN ADDRESS,['test/no_ads/margins_fixed/cropped/entry/1978_Page_80 (1)_1.png'],N/A,lNSURANCE-CONTD
200,SCORE LESS THAN CUTOFF,"['test/no_ads/margins_fixed/cropped/entry/1978_Page_80 (1)_10.png', 'test/no_ads/margins_fixed/cropped/entry/1978_Page_80 (1)_11.png']",NORTH HOWARD AVE,American National Insurance Co 511 Howard Bldg
201,SCORE LESS THAN CUTOFF,"['test/no_ads/margins_fixed/cropped/entry/1978_Page_80 (1)_18.png', 'test/no_ads/margins_fixed/cropped/entry/1978_Page_80 (1)_19.png']",4TH ST,Amica Mutual Ins Co One Hosp Trust Plaza 19th Fl
202,SCORE LESS THAN CUTOFF,['test/no_ads/margins_fixed/cropped/entry/1978_Page_80 (1)_37.png'],NORTH HOWARD AVE,Berkshire Life Insurance Co 430 Howard Bldg
203,SCORE LESS THAN CUTOFF,['test/no_ads/margins_fixed/cropped/entry/1978_Page_80 (1)_40.png'],4TH ST,Blue Cross & Blue Shield Of Rhode Island 444
204,EMPTY STREET,['test/no_ads/margins_fixed/cropped/entry/1978_Page_80 (1)_41.png'],,' Westminster St
205,SCORE LESS THAN CUTOFF,"['test/no_ads/margins_fixed/cropped/entry/1978_Page_80 (1)_52.png', 'test/no_ads/margins_fixed/cropped/entry/1978_Page_80 (1)_53.png']",NORTH HOWARD AVE,Brokefs Service Agency Inc 10 Howard Bldg Rm 816
206,SCORE LESS THAN CUTOFF,"['test/no_ads/margins_fixed/cropped/entry/1978_Page_80 (1)_74.png', 'test/no_ads/margins_fixed/cropped/entry/1978_Page_80 (1)_75.png']",4TH ST,Chicago Title Insurance Co One Hosp Trust Plaza 18th Fl
207,SCORE LESS THAN CUTOFF,"['test/no_ads/margins_fixed/cropped/entry/1978_Page_80 (1)_83.png', 'test/no_ads/margins_fixed/cropped/entry/1978_Page_80 (1)_84.png']",NORTH HOWARD AVE,Connecticut General Life Ins Co 810 Howard Bldg
208,SCORE LESS THAN CUTOFF,"['test/no_ads/margins_fixed/cropped/entry/1978_Page_80 (1)_85.png', 'test/no_ads/margins_fixed/cropped/entry/1978_Page_80 (1)_86.png']",NORTH HOWARD AVE,Connecticut General Life Ins Co 218 Howard Bldg
209,SCORE LESS THAN CUTOFF,['test/no_ads/margins_fixed/cropped/entry/1978_Page_80 (1)_90.png'],NORTH HOWARD AVE,Continental Insurance Co 632 Howard Bldg
210,SCORE LESS THAN CUTOFF,"['test/no_ads/margins_fixed/cropped/entry/1978_Page_80 (1)_91.png', 'test/no_ads/margins_fixed/cropped/entry/1978_Page_80 (1)_92.png']",NORTH HOWARD AVE,Countrywide Life Insurance Co 1141 Howard Bldg
211,SCORE LESS THAN CUTOFF,"['test/no_ads/margins_fixed/cropped/entry/1978_Page_80 (1)_106.png', 'test/no_ads/margins_fixed/cropped/entry/1978_Page_80 (1)_107.png']",NORTH HOWARD AVE,D'Orlando Makowsky Associates Inc 616 Howard Bldg
212,SCORE LESS THAN CUTOFF,['test/no_ads/margins_fixed/cropped/entry/1978_Page_80 (2)_36.png'],NORTH HOWARD AVE,Gorton & O1Connor 740 Howard Bldg
213,SCORE LESS THAN CUTOFF,['test/no_ads/margins_fixed/cropped/entry/1978_Page_80 (2)_44.png'],NORTH HOWARD AVE,Hartley Wm H Inc 501 Howard Bldg
214,SCORE LESS THAN CUTOFF,"['test/no_ads/margins_fixed/cropped/entry/1978_Page_80 (2)_52.png', 'test/no_ads/margins_fixed/cropped/entry/1978_Page_80 (2)_53.png']",NORTH HOWARD AVE,Independent Ins Agents Of Ri 622 Howard Bldg
215,SCORE LESS THAN CUTOFF,"['test/no_ads/margins_fixed/cropped/entry/1978_Page_80 (2)_56.png', 'test/no_ads/margins_fixed/cropped/entry/1978_Page_80 (2)_57.png']",NORTH HOWARD AVE,Insurance Co Of North America 311 Howard Bldg
216,SCORE LESS THAN CUTOFF,"['test/no_ads/margins_fixed/cropped/entry/1978_Page_80 (2)_58.png', 'test/no_ads/margins_fixed/cropped/entry/1978_Page_80 (2)_59.png']",4TH ST,Insurance Services Office Of Rhode Island One Hogp Trust Plaza 14th Fl
217,SCORE LESS THAN CUTOFF,['test/no_ads/margins_fixed/cropped/entry/1978_Page_80 (2)_77.png'],NORTH HOWARD AVE,Knibb Sheehan & Co 424 Howard Bldg
218,SCORE LESS THAN CUTOFF,"['test/no_ads/margins_fixed/cropped/entry/1978_Page_80 (3)_4.png', 'test/no_ads/margins_fixed/cropped/entry/1978_Page_80 (3)_5.png']",NORTH HOWARD AVE,Mc Coy James F Insurance Agency 601 Howard Bldg
219,SCORE LESS THAN CUTOFF,['test/no_ads/margins_fixed/cropped/entry/1978_Page_80 (3)_17.png'],NORTH HOWARD AVE,Monarch Life Insurance Co 414 Howard Bldg
220,SCORE LESS THAN CUTOFF,['test/no_ads/margins_fixed/cropped/entry/1978_Page_80 (3)_30.png'],NORTH HOWARD AVE,Nadeau Leo Agency 334 Howard Bldg
221,SCORE LESS THAN CUTOFF,"['test/no_ads/margins_fixed/cropped/entry/1978_Page_80 (3)_33.png', 'test/no_ads/margins_fixed/cropped/entry/1978_Page_80 (3)_34.png']",NORTH HOWARD AVE,National Brokerage Service Inc 510 Howard Bldg
222,SCORE LESS THAN CUTOFF,['test/no_ads/margins_fixed/cropped/entry/1978_Page_80 (3)_35.png'],NORTH HOWARD AVE,National Life Insurance Co 211 Howard Bldg
223,SCORE LESS THAN CUTOFF,"['test/no_ads/margins_fixed/cropped/entry/1978_Page_80 (3)_43.png', 'test/no_ads/margins_fixed/cropped/entry/1978_Page_80 (3)_44.png']",NORTH HOWARD AVE,New England Underwriters Inc 512 Howard Bldg
224,FAILED TO PARSE AN ADDRESS,['test/no_ads/margins_fixed/cropped/entry/1978_Page_80 (3)_57.png'],N/A,ORTOLEVA ROBERT S
225,SCORE LESS THAN CUTOFF,"['test/no_ads/margins_fixed/cropped/entry/1978_Page_80 (3)_101.png', 'test/no_ads/margins_fixed/cropped/entry/1978_Page_80 (3)_102.png']",NORTH HOWARD AVE,R I Association Of Insurance Agents Inc 622 Howard Bldg
226,SCORE LESS THAN CUTOFF,"['test/no_ads/margins_fixed/cropped/entry/1978_Page_81 (1)_8.png', 'test/no_ads/margins_fixed/cropped/entry/1978_Page_81 (1)_9.png']",I 195,Rhode Island Joint Reinsurance Assn One Hosp Trust Plaza 22d F1
227,SCORE LESS THAN CUTOFF,"['test/no_ads/margins_fixed/cropped/entry/1978_Page_81 (1)_14.png', 'test/no_ads/margins_fixed/cropped/entry/1978_Page_81 (1)_15.png']",NORTH HOWARD AVE,Royal Globe Insurance Companies 304 Howard Bldg
228,SCORE LESS THAN CUTOFF,['test/no_ads/margins_fixed/cropped/entry/1978_Page_81 (1)_16.png'],NORTH HOWARD AVE,Rumford Insurance Co 718 Howard Bldg
229,FAILED TO PARSE AN ADDRESS,['test/no_ads/margins_fixed/cropped/entry/1978_Page_81 (1)_34.png'],N/A,STATE MUTUAL LIFE ASSURANCE
230,SCORE LESS THAN CUTOFF,"['test/no_ads/margins_fixed/cropped/entry/1978_Page_81 (1)_36.png', 'test/no_ads/margins_fixed/cropped/entry/1978_Page_81 (1)_37.png']",I 95,"Catamore Blvd, East Providence, RI (02914), Tel 438-7350"
231,SCORE LESS THAN CUTOFF,"['test/no_ads/margins_fixed/cropped/entry/1978_Page_81 (1)_46.png', 'test/no_ads/margins_fixed/cropped/entry/1978_Page_81 (1)_47.png']",NORTH HOWARD AVE,Transamerican Life Ins & Annuity Co 1141 Howard Bldg
232,SCORE LESS THAN CUTOFF,['test/no_ads/margins_fixed/cropped/entry/1978_Page_81 (1)_70.png'],NORTH HOWARD AVE,Watson E L Co Inc 716 Howard Bldg
233,FAILED TO PARSE AN ADDRESS,['test/no_ads/margins_fixed/cropped/entry/1978_Page_81 (2)_32.png'],N/A,AEFNA LIFE INSURANCE CO-AE'I'NA
234,EMPTY STREET,"['test/no_ads/margins_fixed/cropped/entry/1978_Page_81 (2)_36.png', 'test/no_ads/margins_fixed/cropped/entry/1978_Page_81 (2)_37.png', 'test/no_ads/margins_fixed/cropped/entry/1978_Page_81 (2)_38.png']",7500 ,AFFILIATED FM INSURANCE CO Allendale Park PO Box 7500 (Johnston RI 02919) Tel 275-3000
235,EMPTY STREET,"['test/no_ads/margins_fixed/cropped/entry/1978_Page_81 (2)_45.png', 'test/no_ads/margins_fixed/cropped/entry/1978_Page_81 (2)_46.png', 'test/no_ads/margins_fixed/cropped/entry/1978_Page_81 (2)_47.png']",7500 ,APPALACHIAN INSURANCE CO Allendale Park PO Box 7500 (Johnston R I 02919) Tel 275-3000
236,SCORE LESS THAN CUTOFF,"['test/no_ads/margins_fixed/cropped/entry/1978_Page_81 (2)_62.png', 'test/no_ads/margins_fixed/cropped/entry/1978_Page_81 (2)_63.png', 'test/no_ads/margins_fixed/cropped/entry/1978_Page_81 (2)_64.png']",3RD ST,"NEW PROVIDENCE CORP Allendale Park, Box 7500, (Johnston, 02919), Tel 27 5-3000"
237,FAILED TO PARSE AN ADDRESS,['test/no_ads/margins_fixed/cropped/entry/1978_Page_81 (3)_3.png'],N/A,Advertisers)
238,SCORE LESS THAN CUTOFF,"['test/no_ads/margins_fixed/cropped/entry/1978_Page_81 (3)_19.png', 'test/no_ads/margins_fixed/cropped/entry/1978_Page_81 (3)_20.png', 'test/no_ads/margins_fixed/cropped/entry/1978_Page_81 (3)_21.png', 'test/no_ads/margins_fixed/cropped/entry/1978_Page_81 (3)_22.png']",GREENE ST,"MILLER CHAS CO 484 Greenville Av, Johnston, R I (02919), Tels 231-0680 And 781-0600 (See Index To Advertisers)"
239,SCORE LESS THAN CUTOFF,['test/no_ads/margins_fixed/cropped/entry/1978_Page_81 (3)_44.png'],NORTH HOWARD AVE,Kidder Peabody & Co Inc 544 Howard Bldg
240,SCORE LESS THAN CUTOFF,"['test/no_ads/margins_fixed/cropped/entry/1978_Page_81 (3)_68.png', 'test/no_ads/margins_fixed/cropped/entry/1978_Page_81 (3)_69.png']",10TH ST,St Rm 1 104
241,SCORE LESS THAN CUTOFF,"['test/no_ads/margins_fixed/cropped/entry/1978_Page_82 (1)_19.png', 'test/no_ads/margins_fixed/cropped/entry/1978_Page_82 (1)_20.png']",4TH ST,Carolan & Co Inc One Hosp Trust Plaza 24th
242,SCORE LESS THAN CUTOFF,"['test/no_ads/margins_fixed/cropped/entry/1978_Page_82 (1)_21.png', 'test/no_ads/margins_fixed/cropped/entry/1978_Page_82 (1)_22.png']",4TH ST,Cummings & Co Inc One Hosp Trust Plaza 24th Fl
243,SCORE LESS THAN CUTOFF,"['test/no_ads/margins_fixed/cropped/entry/1978_Page_82 (1)_32.png', 'test/no_ads/margins_fixed/cropped/entry/1978_Page_82 (1)_33.png', 'test/no_ads/margins_fixed/cropped/entry/1978_Page_82 (1)_34.png']",WESTMINSTER ST,"MILLER & GEORGE 630 Hospital Trust Bldg, 15 Westminster St, (02903) Tel 421-6070, Newport, Enterprise 3535"
244,FAILED TO PARSE AN ADDRESS,"['test/no_ads/margins_fixed/cropped/entry/1978_Page_82 (1)_37.png', 'test/no_ads/margins_fixed/cropped/entry/1978_Page_82 (1)_38.png']",N/A,Tucker Anthony & R L Day Inc One Hosp Trust Plaza
245,SCORE LESS THAN CUTOFF,"['test/no_ads/margins_fixed/cropped/entry/1978_Page_82 (1)_72.png', 'test/no_ads/margins_fixed/cropped/entry/1978_Page_82 (1)_73.png']",GARDNER AVE,Cal's Jewelry Findings Co Inc 70 Rosner Av (N Prov)
246,SCORE LESS THAN CUTOFF,"['test/no_ads/margins_fixed/cropped/entry/1978_Page_82 (2)_70.png', 'test/no_ads/margins_fixed/cropped/entry/1978_Page_82 (2)_71.png', 'test/no_ads/margins_fixed/cropped/entry/1978_Page_82 (2)_72.png']",I 95,"MICHAELS JEWELERS Lincoln Mall (Lincoln; 02865), Tel 333-5522 (See Index To Advertisers)"
247,FAILED TO PARSE AN ADDRESS,['test/no_ads/margins_fixed/cropped/entry/1978_Page_82 (3)_10.png'],N/A,TILDEN-THURBER
248,SCORE LESS THAN CUTOFF,['test/no_ads/margins_fixed/cropped/entry/1978_Page_82 (3)_13.png'],10TH ST,421-8400
249,SCORE LESS THAN CUTOFF,"['test/no_ads/margins_fixed/cropped/entry/1978_Page_82 (3)_91.png', 'test/no_ads/margins_fixed/cropped/entry/1978_Page_82 (3)_92.png']",LOCUST AVE,CherePs Jewelry Inc Rear 1174 Douglas Av (N Prov)
250,FAILED TO PARSE AN ADDRESS,['test/no_ads/margins_fixed/cropped/entry/1978_Page_82 (3)_100.png'],N/A,
251,SCORE LESS THAN CUTOFF,"['test/no_ads/margins_fixed/cropped/entry/1978_Page_83 (1)_44.png', 'test/no_ads/margins_fixed/cropped/entry/1978_Page_83 (1)_45.png']",LOCUST AVE,Geneva Polishing C0 Rear 1174 Douglas Av (N Prov)
252,SCORE LESS THAN CUTOFF,['test/no_ads/margins_fixed/cropped/entry/1978_Page_83 (1)_89.png'],HUMBERT ST,L & E Enterprises Inc 35 Thurber St (N Prov)
253,SCORE LESS THAN CUTOFF,"['test/no_ads/margins_fixed/cropped/entry/1978_Page_83 (2)_24.png', 'test/no_ads/margins_fixed/cropped/entry/1978_Page_83 (2)_25.png']",HOWARD AVE,Mar-Sal Jewelry Co 545 Woodward Rd (N Prov)
254,EMPTY STREET,['test/no_ads/margins_fixed/cropped/entry/1978_Page_83 (2)_51.png'],,Nu-Frame Co Inc'244 Oak St
255,SCORE LESS THAN CUTOFF,"['test/no_ads/margins_fixed/cropped/entry/1978_Page_83 (2)_58.png', 'test/no_ads/margins_fixed/cropped/entry/1978_Page_83 (2)_59.png']",LOCUST AVE,Patricia Pearl & Jewelry Mfg Co Inc 1188 Douglas Av (N Prov)
256,SCORE LESS THAN CUTOFF,"['test/no_ads/margins_fixed/cropped/entry/1978_Page_83 (2)_64.png', 'test/no_ads/margins_fixed/cropped/entry/1978_Page_83 (2)_65.png']",LOCUST AVE,Quality Polishing Co Rear 1174 Douglas Av (N Prov)
257,SCORE LESS THAN CUTOFF,"['test/no_ads/margins_fixed/cropped/entry/1978_Page_83 (2)_87.png', 'test/no_ads/margins_fixed/cropped/entry/1978_Page_83 (2)_88.png']",LOCUST AVE,Ro-mano Jewelry Co Inc 1180 Douglas Av (N Prov)
258,SCORE LESS THAN CUTOFF,"['test/no_ads/margins_fixed/cropped/entry/1978_Page_83 (3)_51.png', 'test/no_ads/margins_fixed/cropped/entry/1978_Page_83 (3)_52.png', 'test/no_ads/margins_fixed/cropped/entry/1978_Page_83 (3)_53.png']",PAWTUXET AVE,"ADAMS E A & SON INC (FINDINGS) 545 Pawtucket Av, Pawtucket, R 1 (02860), Tel 726-3000"
259,SCORE LESS THAN CUTOFF,"['test/no_ads/margins_fixed/cropped/entry/1978_Page_83 (3)_70.png', 'test/no_ads/margins_fixed/cropped/entry/1978_Page_83 (3)_71.png', 'test/no_ads/margins_fixed/cropped/entry/1978_Page_83 (3)_72.png']",CHARLES ST,"L I TOOL & DIE CO INC 387 Charies St, Bldg 8 (02904), Tel (401) 751-2735 (See Index To Advertisers)"
260,SCORE LESS THAN CUTOFF,['test/no_ads/margins_fixed/cropped/entry/1978_Page_83 (3)_80.png'],ELM ST,Patapak Inc 24 Thelma St (N Prov)
261,SCORE LESS THAN CUTOFF,"['test/no_ads/margins_fixed/cropped/entry/1978_Page_83 (3)_85.png', 'test/no_ads/margins_fixed/cropped/entry/1978_Page_83 (3)_86.png', 'test/no_ads/margins_fixed/cropped/entry/1978_Page_83 (3)_87.png', 'test/no_ads/margins_fixed/cropped/entry/1978_Page_83 (3)_88.png', 'test/no_ads/margins_fixed/cropped/entry/1978_Page_83 (3)_89.png', 'test/no_ads/margins_fixed/cropped/entry/1978_Page_83 (3)_90.png']",PEACE ST,"TECHNIC INC Gold Plating Solutions Main Plant And Office 88 Spectacle St (Cranston, 02910), Mailing Address PO Box 965 (Providence, R I 02901), Tel 781-6100 (See Index To Advertisers)"
262,SCORE LESS THAN CUTOFF,"['test/no_ads/margins_fixed/cropped/entry/1978_Page_84 (2)_22.png', 'test/no_ads/margins_fixed/cropped/entry/1978_Page_84 (2)_23.png', 'test/no_ads/margins_fixed/cropped/entry/1978_Page_84 (2)_24.png']",MOORLAND AVE,"HEALY J T & SON CORP 50 Colorado Av (Warwick, R I 02886), Tel 738-"
263,FAILED TO PARSE AN ADDRESS,['test/no_ads/margins_fixed/cropped/entry/1978_Page_84 (2)_63.png'],N/A,M C S JEWELRY NOVELTIES
264,SCORE LESS THAN CUTOFF,['test/no_ads/margins_fixed/cropped/entry/1978_Page_84 (2)_65.png'],I 195,"America St (02909), Tel 861-5904"
265,SCORE LESS THAN CUTOFF,['test/no_ads/margins_fixed/cropped/entry/1978_Page_84 (2)_72.png'],BRISTOW ST,Marley Hall Co Inc 16 Bishop St
266,SCORE LESS THAN CUTOFF,['test/no_ads/margins_fixed/cropped/entry/1978_Page_84 (3)_74.png'],OCONNELL ST,Bedrick Scrap Metal Co 162 01C0nne11 St
267,SCORE LESS THAN CUTOFF,['test/no_ads/margins_fixed/cropped/entry/1978_Page_84 (3)_77.png'],SOMERSET ST,Broomfield Scrap Iron 4 Pomfret St
268,FAILED TO PARSE AN ADDRESS,['test/no_ads/margins_fixed/cropped/entry/1978_Page_85 (1)_16.png'],N/A,
269,SCORE LESS THAN CUTOFF,"['test/no_ads/margins_fixed/cropped/entry/1978_Page_85 (1)_48.png', 'test/no_ads/margins_fixed/cropped/entry/1978_Page_85 (1)_49.png']",LOCUST AVE,New England Testing Laboratory Inc 1254 Douglas Av (N Prov)
270,SCORE LESS THAN CUTOFF,['test/no_ads/margins_fixed/cropped/entry/1978_Page_85 (2)_43.png'],CHANDLER ST,Melf'l Stephen 95 Alexander St (N Prov)
271,FAILED TO PARSE AN ADDRESS,['test/no_ads/margins_fixed/cropped/entry/1978_Page_85 (2)_46.png'],N/A,Pate V & Sons Inc Tingley La (N Prov)
272,FAILED TO PARSE AN ADDRESS,['test/no_ads/margins_fixed/cropped/entry/1978_Page_85 (2)_47.png'],N/A,Pate V & Sons Inc Tingley La (N Prov)
273,SCORE LESS THAN CUTOFF,['test/no_ads/margins_fixed/cropped/entry/1978_Page_85 (2)_52.png'],JOSLIN ST,Scetta David 36 John St (N Prov)
274,SCORE LESS THAN CUTOFF,['test/no_ads/margins_fixed/cropped/entry/1978_Page_85 (3)_16.png'],IVES ST,Maytag Coin-A-Matic Laundry 170 IvesUStA
275,SCORE LESS THAN CUTOFF,"['test/no_ads/margins_fixed/cropped/entry/1978_Page_85 (3)_46.png', 'test/no_ads/margins_fixed/cropped/entry/1978_Page_85 (3)_47.png']",FALLS PL,Adler Pollock & Sheehan Inc One Hosp Trust Plaza 23d Fl
276,FAILED TO PARSE AN ADDRESS,['test/no_ads/margins_fixed/cropped/entry/1978_Page_85 (3)_54.png'],N/A,Allen W Slater Jr Howard Bldg
277,SCORE LESS THAN CUTOFF,['test/no_ads/margins_fixed/cropped/entry/1978_Page_85 (3)_55.png'],NORTH HOWARD AVE,Almonte Alf A Jr 640 Howard Bldg
278,SCORE LESS THAN CUTOFF,['test/no_ads/margins_fixed/cropped/entry/1978_Page_85 (3)_74.png'],OREGON AVE,AttilIi Leo Paul 77 Lexington Av (N Prov)
279,SCORE LESS THAN CUTOFF,['test/no_ads/margins_fixed/cropped/entry/1978_Page_86 (1)_4.png'],NORTH HOWARD AVE,Booth John M 514 Howard Bldg
280,SCORE LESS THAN CUTOFF,['test/no_ads/margins_fixed/cropped/entry/1978_Page_86 (1)_11.png'],NORTH HOWARD AVE,Brodsky Irving 514 Howard Bldg
281,SCORE LESS THAN CUTOFF,['test/no_ads/margins_fixed/cropped/entry/1978_Page_86 (1)_16.png'],NORTH HOWARD AVE,Bucci Anthony J 524 Howard Bldg
282,SCORE LESS THAN CUTOFF,['test/no_ads/margins_fixed/cropped/entry/1978_Page_86 (1)_39.png'],8TH ST,I 1908
283,EMPTY STREET,"['test/no_ads/margins_fixed/cropped/entry/1978_Page_86 (1)_71.png', 'test/no_ads/margins_fixed/cropped/entry/1978_Page_86 (1)_72.png']",,"Darigan Francis J Jr 76'Westminster St Rm 999 ,."
284,FAILED TO PARSE AN ADDRESS,['test/no_ads/margins_fixed/cropped/entry/1978_Page_86 (1)_79.png'],N/A,", Av(N Prov)"
285,SCORE LESS THAN CUTOFF,"['test/no_ads/margins_fixed/cropped/entry/1978_Page_86 (2)_2.png', 'test/no_ads/margins_fixed/cropped/entry/1978_Page_86 (2)_3.png']",HOSPITAL ST,"Dick & Hague 2420 Hospital Trust Tower, 1 Hospital Trust Plaza (02903), Tel 272-8200"
286,EMPTY STREET,"['test/no_ads/margins_fixed/cropped/entry/1978_Page_86 (2)_19.png', 'test/no_ads/margins_fixed/cropped/entry/1978_Page_86 (2)_20.png', 'test/no_ads/margins_fixed/cropped/entry/1978_Page_86 (2)_21.png', 'test/no_ads/margins_fixed/cropped/entry/1978_Page_86 (2)_22.png', 'test/no_ads/margins_fixed/cropped/entry/1978_Page_86 (2)_23.png']",2700 ,"Edwards & Angell One Hospital Trust Plaza Suite 2700 (02903) Providence, RI (02903) Telephone 401-274-9200"
287,SCORE LESS THAN CUTOFF,"['test/no_ads/margins_fixed/cropped/entry/1978_Page_86 (2)_42.png', 'test/no_ads/margins_fixed/cropped/entry/1978_Page_86 (2)_43.png', 'test/no_ads/margins_fixed/cropped/entry/1978_Page_86 (2)_44.png']",SYLVAN AV,"Gardner Sawyer Cottam Gates Day 81 Sloan 1309 Turks Head Bldg, (02903), Tel 421- 5927"
288,SCORE LESS THAN CUTOFF,['test/no_ads/margins_fixed/cropped/entry/1978_Page_86 (2)_57.png'],NORTH HOWARD AVE,Gerstenblatt Wm 834 Howard Bldg
289,SCORE LESS THAN CUTOFF,['test/no_ads/margins_fixed/cropped/entry/1978_Page_86 (2)_74.png'],FELIX MIRANDO WY,Grilli Di Maio 81 Cipriano 215 Broadway
290,SCORE LESS THAN CUTOFF,['test/no_ads/margins_fixed/cropped/entry/1978_Page_86 (3)_15.png'],NORTH HOWARD AVE,Johnston Joseph C 801 Howard Bldg
291,SCORE LESS THAN CUTOFF,"['test/no_ads/margins_fixed/cropped/entry/1978_Page_86 (3)_20.png', 'test/no_ads/margins_fixed/cropped/entry/1978_Page_86 (3)_21.png']",HARBORSIDE BLVD,"Katz Henry H 393 Armistice Blvd (Pawtucket, R I; 02861), Tel 722-6200"
292,SCORE LESS THAN CUTOFF,"['test/no_ads/margins_fixed/cropped/entry/1978_Page_86 (3)_22.png', 'test/no_ads/margins_fixed/cropped/entry/1978_Page_86 (3)_23.png']",HARBORSIDE BLVD,"Katz Herbert 393 Armistice Blvd (Pawtucket, 02861) Tel 722-6200"
293,SCORE LESS THAN CUTOFF,['test/no_ads/margins_fixed/cropped/entry/1978_Page_86 (3)_24.png'],NORTH HOWARD AVE,Kehoe David J 640 Howard Bldg
294,SCORE LESS THAN CUTOFF,"['test/no_ads/margins_fixed/cropped/entry/1978_Page_86 (3)_26.png', 'test/no_ads/margins_fixed/cropped/entry/1978_Page_86 (3)_27.png']",TURKS HEAD PL,"Kelaghan Richard P 1309 Turks Head Bldg, Tel 421-5927"
295,SCORE LESS THAN CUTOFF,"['test/no_ads/margins_fixed/cropped/entry/1978_Page_86 (3)_35.png', 'test/no_ads/margins_fixed/cropped/entry/1978_Page_86 (3)_36.png']",NORTH HOWARD AVE,Kirshenbaum Law Offices Inc 318 Howard Bldg
296,SCORE LESS THAN CUTOFF,"['test/no_ads/margins_fixed/cropped/entry/1978_Page_86 (3)_43.png', 'test/no_ads/margins_fixed/cropped/entry/1978_Page_86 (3)_44.png']",PROVIDENCE ST,"Letts Quinn & Licht 1616 Hospital Trust Tower Providence, RI 02903 Tel 421-5650"
297,SCORE LESS THAN CUTOFF,['test/no_ads/margins_fixed/cropped/entry/1978_Page_86 (3)_71.png'],NORTH HOWARD AVE,Marcotte Leroy V 640 Howard Bldg
298,SCORE LESS THAN CUTOFF,['test/no_ads/margins_fixed/cropped/entry/1978_Page_86 (3)_93.png'],NORTH HOWARD AVE,Mc Mahon & Mc Mahon 1144 Howard Bldg
299,FAILED TO PARSE AN ADDRESS,['test/no_ads/margins_fixed/cropped/entry/1978_Page_87 (1)_44.png'],N/A,
300,SCORE LESS THAN CUTOFF,['test/no_ads/margins_fixed/cropped/entry/1978_Page_87 (1)_92.png'],NORTH HOWARD AVE,Roberts & Willey Inc 400 Howard Bldg
301,SCORE LESS THAN CUTOFF,"['test/no_ads/margins_fixed/cropped/entry/1978_Page_87 (2)_31.png', 'test/no_ads/margins_fixed/cropped/entry/1978_Page_87 (2)_32.png']",4TH ST,Selya & Iannuccillo One Hosp Trust Plaza 25th F l
302,SCORE LESS THAN CUTOFF,"['test/no_ads/margins_fixed/cropped/entry/1978_Page_87 (2)_67.png', 'test/no_ads/margins_fixed/cropped/entry/1978_Page_87 (2)_68.png', 'test/no_ads/margins_fixed/cropped/entry/1978_Page_87 (2)_69.png', 'test/no_ads/margins_fixed/cropped/entry/1978_Page_87 (2)_70.png', 'test/no_ads/margins_fixed/cropped/entry/1978_Page_87 (2)_71.png']",PROVIDENCE ST,Tillinghast Collins & Graham Room 2000 Hospital Trust Tower Providence Rhode Island (02903) Telephone (401) 274-3800
303,FAILED TO PARSE AN ADDRESS,['test/no_ads/margins_fixed/cropped/entry/1978_Page_87 (3)_1.png'],N/A,LAWYERS-rCUN'liU
304,SCORE LESS THAN CUTOFF,"['test/no_ads/margins_fixed/cropped/entry/1978_Page_87 (3)_9.png', 'test/no_ads/margins_fixed/cropped/entry/1978_Page_87 (3)_10.png']",I 195,Winograd Shine & Zacks One Hosp Trust Plaza 22d F1
305,SCORE LESS THAN CUTOFF,['test/no_ads/margins_fixed/cropped/entry/1978_Page_87 (3)_26.png'],MANTON AVE,Leathergraphic Co Inc 610Mantor1 Av-
306,FAILED TO PARSE AN ADDRESS,['test/no_ads/margins_fixed/cropped/entry/1978_Page_87 (3)_47.png'],N/A,EXTENSION DIVISON LIBRARY
307,EMPTY STREET,"['test/no_ads/margins_fixed/cropped/entry/1978_Page_87 (3)_49.png', 'test/no_ads/margins_fixed/cropped/entry/1978_Page_87 (3)_50.png']",,"Promenade And Gaspee St (02908), Tel 831-7550"
308,EMPTY STREET,"['test/no_ads/margins_fixed/cropped/entry/1978_Page_88 (1)_3.png', 'test/no_ads/margins_fixed/cropped/entry/1978_Page_88 (1)_4.png', 'test/no_ads/margins_fixed/cropped/entry/1978_Page_88 (1)_5.png']",,"ROGER WILLIAMS COLLEGE LIBRARY Old Ferry Rd (Bristol; 02809), Tel 255-2361"
309,FAILED TO PARSE AN ADDRESS,['test/no_ads/margins_fixed/cropped/entry/1978_Page_88 (1)_13.png'],N/A,WEAVER MEMORIAL LIBRARY EAST
310,SCORE LESS THAN CUTOFF,"['test/no_ads/margins_fixed/cropped/entry/1978_Page_88 (1)_15.png', 'test/no_ads/margins_fixed/cropped/entry/1978_Page_88 (1)_16.png']",I 95,"Grove St (E Providence; 02914), Tel 435-2453"
311,FAILED TO PARSE AN ADDRESS,['test/no_ads/margins_fixed/cropped/entry/1978_Page_88 (1)_19.png'],N/A,N ARRAGAN SETT
312,SCORE LESS THAN CUTOFF,['test/no_ads/margins_fixed/cropped/entry/1978_Page_88 (1)_26.png'],10TH ST,781-010'0
313,FAILED TO PARSE AN ADDRESS,['test/no_ads/margins_fixed/cropped/entry/1978_Page_88 (1)_27.png'],N/A,PROVIDENCE GAS
314,SCORE LESS THAN CUTOFF,['test/no_ads/margins_fixed/cropped/entry/1978_Page_88 (1)_33.png'],10TH ST,831-8800
315,FAILED TO PARSE AN ADDRESS,['test/no_ads/margins_fixed/cropped/entry/1978_Page_88 (1)_45.png'],N/A,RETAIL
316,FAILED TO PARSE AN ADDRESS,['test/no_ads/margins_fixed/cropped/entry/1978_Page_88 (2)_73.png'],N/A,Advertisers)
317,SCORE LESS THAN CUTOFF,['test/no_ads/margins_fixed/cropped/entry/1978_Page_88 (3)_22.png'],NORTH HOWARD AVE,Freese Mortgage Co Inc 240 Howard Bldg
318,EMPTY STREET,"['test/no_ads/margins_fixed/cropped/entry/1978_Page_88 (3)_45.png', 'test/no_ads/margins_fixed/cropped/entry/1978_Page_88 (3)_46.png', 'test/no_ads/margins_fixed/cropped/entry/1978_Page_88 (3)_47.png']",,"HARRIS LUMBER CO INC Harris At Atwells Av (02909), Tel 421-4200 (See Index To Advertisers)"
319,FAILED TO PARSE AN ADDRESS,['test/no_ads/margins_fixed/cropped/entry/1978_Page_88 (3)_61.png'],N/A,
320,FAILED TO PARSE AN ADDRESS,['test/no_ads/margins_fixed/cropped/entry/1978_Page_89 (1)_1.png'],N/A,
321,FAILED TO PARSE AN ADDRESS,['test/no_ads/margins_fixed/cropped/entry/1978_Page_89 (1)_11.png'],N/A,
322,FAILED TO PARSE AN ADDRESS,['test/no_ads/margins_fixed/cropped/entry/1978_Page_89 (1)_17.png'],N/A,
323,EMPTY STREET,['test/no_ads/margins_fixed/cropped/entry/1978_Page_89 (1)_18.png'],,Danoco Inc-12 Tippecanoe St
324,FAILED TO PARSE AN ADDRESS,['test/no_ads/margins_fixed/cropped/entry/1978_Page_89 (1)_22.png'],N/A,
325,FAILED TO PARSE AN ADDRESS,['test/no_ads/margins_fixed/cropped/entry/1978_Page_89 (1)_44.png'],N/A,
326,FAILED TO PARSE AN ADDRESS,['test/no_ads/margins_fixed/cropped/entry/1978_Page_89 (1)_46.png'],N/A,
327,FAILED TO PARSE AN ADDRESS,['test/no_ads/margins_fixed/cropped/entry/1978_Page_89 (1)_47.png'],N/A,
328,SCORE LESS THAN CUTOFF,"['test/no_ads/margins_fixed/cropped/entry/1978_Page_89 (1)_56.png', 'test/no_ads/margins_fixed/cropped/entry/1978_Page_89 (1)_57.png']",SOMERSET ST,Aero Machinery & Equipment Co Inc 11 Pomfret St
329,FAILED TO PARSE AN ADDRESS,['test/no_ads/margins_fixed/cropped/entry/1978_Page_89 (1)_59.png'],N/A,
330,SCORE LESS THAN CUTOFF,"['test/no_ads/margins_fixed/cropped/entry/1978_Page_89 (1)_60.png', 'test/no_ads/margins_fixed/cropped/entry/1978_Page_89 (1)_61.png']",I 95,Tel 421-6369
331,FAILED TO PARSE AN ADDRESS,['test/no_ads/margins_fixed/cropped/entry/1978_Page_89 (1)_70.png'],N/A,
332,SCORE LESS THAN CUTOFF,"['test/no_ads/margins_fixed/cropped/entry/1978_Page_89 (1)_75.png', 'test/no_ads/margins_fixed/cropped/entry/1978_Page_89 (1)_76.png']",3RD ST,Rm 213
333,FAILED TO PARSE AN ADDRESS,['test/no_ads/margins_fixed/cropped/entry/1978_Page_89 (2)_1.png'],N/A,MANUFACTURERS REPRESENI'A'H v w
334,SCORE LESS THAN CUTOFF,['test/no_ads/margins_fixed/cropped/entry/1978_Page_89 (2)_23.png'],E MANNING ST,Marine Sporting Center 1076 N MaingSt
335,FAILED TO PARSE AN ADDRESS,['test/no_ads/margins_fixed/cropped/entry/1978_Page_89 (2)_25.png'],N/A,
336,FAILED TO PARSE AN ADDRESS,"['test/no_ads/margins_fixed/cropped/entry/1978_Page_89 (2)_35.png', 'test/no_ads/margins_fixed/cropped/entry/1978_Page_89 (2)_36.png']",N/A,
337,FAILED TO PARSE AN ADDRESS,['test/no_ads/margins_fixed/cropped/entry/1978_Page_89 (2)_46.png'],N/A,
338,FAILED TO PARSE AN ADDRESS,['test/no_ads/margins_fixed/cropped/entry/1978_Page_89 (2)_52.png'],N/A,St
339,FAILED TO PARSE AN ADDRESS,['test/no_ads/margins_fixed/cropped/entry/1978_Page_89 (2)_56.png'],N/A,SWAN POINT CEMETERY Business And
340,SCORE LESS THAN CUTOFF,"['test/no_ads/margins_fixed/cropped/entry/1978_Page_89 (3)_1.png', 'test/no_ads/margins_fixed/cropped/entry/1978_Page_89 (3)_2.png']",ELMWAY ST,"MM 1 run 1 nlmvxw 1 1.1

F & V Butcher Shop Inc 1933 Mineral Spring Av(N Prov)"
341,EMPTY STREET,['test/no_ads/margins_fixed/cropped/entry/1978_Page_89 (3)_7.png'],,Joeis Quality Meat Market Incu236 Atwells Av
342,FAILED TO PARSE AN ADDRESS,"['test/no_ads/margins_fixed/cropped/entry/1978_Page_89 (3)_14.png', 'test/no_ads/margins_fixed/cropped/entry/1978_Page_89 (3)_15.png']",N/A,Av(N Prov)
343,FAILED TO PARSE AN ADDRESS,"['test/no_ads/margins_fixed/cropped/entry/1978_Page_89 (3)_28.png', 'test/no_ads/margins_fixed/cropped/entry/1978_Page_89 (3)_29.png']",N/A,St
344,FAILED TO PARSE AN ADDRESS,['test/no_ads/margins_fixed/cropped/entry/1978_Page_89 (3)_31.png'],N/A,
345,FAILED TO PARSE AN ADDRESS,['test/no_ads/margins_fixed/cropped/entry/1978_Page_89 (3)_41.png'],N/A,MEDICAL WEIGHT CONTROL
346,FAILED TO PARSE AN ADDRESS,['test/no_ads/margins_fixed/cropped/entry/1978_Page_89 (3)_46.png'],N/A,NORTH PROVIDENCE EMERGENCY
347,EMPTY STREET,"['test/no_ads/margins_fixed/cropped/entry/1978_Page_89 (3)_48.png', 'test/no_ads/margins_fixed/cropped/entry/1978_Page_89 (3)_49.png']",,"Mineral Spring Av (N Providence; 02904), Tel 353-1012"
348,EMPTY STREET,"['test/no_ads/margins_fixed/cropped/entry/1978_Page_89 (3)_50.png', 'test/no_ads/margins_fixed/cropped/entry/1978_Page_89 (3)_51.png', 'test/no_ads/margins_fixed/cropped/entry/1978_Page_89 (3)_52.png']",,"WARWICK EMERGENCY ROOM One Airport Plaza,1800 Post Rd (wimck; 02866), Tel (401) 738-6900"
349,FAILED TO PARSE AN ADDRESS,['test/no_ads/margins_fixed/cropped/entry/1978_Page_89 (3)_58.png'],N/A,
350,EMPTY STREET,['test/no_ads/margins_fixed/cropped/entry/1978_Page_89 (3)_60.png'],2014 ,"Rm 2014 (05903), Tel 401-521-9287"
351,FAILED TO PARSE AN ADDRESS,['test/no_ads/margins_fixed/cropped/entry/1978_Page_89 (3)_68.png'],N/A,
352,FAILED TO PARSE AN ADDRESS,['test/no_ads/margins_fixed/cropped/entry/1978_Page_89 (3)_69.png'],N/A,
353,FAILED TO PARSE AN ADDRESS,['test/no_ads/margins_fixed/cropped/entry/1978_Page_89 (3)_73.png'],N/A,
354,FAILED TO PARSE AN ADDRESS,"['test/no_ads/margins_fixed/cropped/entry/1978_Page_89 (3)_77.png', 'test/no_ads/margins_fixed/cropped/entry/1978_Page_89 (3)_78.png']",N/A,Sprague St
355,SCORE LESS THAN CUTOFF,"['test/no_ads/margins_fixed/cropped/entry/1978_Page_90 (1)_5.png', 'test/no_ads/margins_fixed/cropped/entry/1978_Page_90 (1)_6.png', 'test/no_ads/margins_fixed/cropped/entry/1978_Page_90 (1)_7.png']",CHARLES ST,"L 1 TOOL & DIE co INC 387 Charles St, Bldg 8 (02904), Tel (401) 751-2735 (See Index To Advertisers)"
356,FAILED TO PARSE AN ADDRESS,['test/no_ads/margins_fixed/cropped/entry/1978_Page_90 (1)_27.png'],N/A,' MILL SUPPLIES
357,FAILED TO PARSE AN ADDRESS,['test/no_ads/margins_fixed/cropped/entry/1978_Page_90 (1)_42.png'],N/A,NEW EN GLAN D MODEL'S
358,EMPTY STREET,"['test/no_ads/margins_fixed/cropped/entry/1978_Page_90 (1)_44.png', 'test/no_ads/margins_fixed/cropped/entry/1978_Page_90 (1)_45.png']",201 ,"Weybosset St Suite 201 (02903), Tel 331-3319"
359,FAILED TO PARSE AN ADDRESS,['test/no_ads/margins_fixed/cropped/entry/1978_Page_90 (1)_59.png'],N/A,Williams Roger Monument Prospect Ter
360,FAILED TO PARSE AN ADDRESS,['test/no_ads/margins_fixed/cropped/entry/1978_Page_90 (1)_61.png'],N/A,COLUMBUS NATIONAL
361,ERROR IN STREET MATCHING,['test/no_ads/margins_fixed/cropped/entry/1978_Page_90 (1)_65.png'],02903),(02903)
362,ERROR IN STREET MATCHING,['test/no_ads/margins_fixed/cropped/entry/1978_Page_90 (1)_68.png'],02904),(02904)
363,ERROR IN STREET MATCHING,['test/no_ads/margins_fixed/cropped/entry/1978_Page_90 (1)_71.png'],02906),(02906)
364,ERROR IN STREET MATCHING,['test/no_ads/margins_fixed/cropped/entry/1978_Page_90 (1)_74.png'],02903),(02903)
365,FAILED TO PARSE AN ADDRESS,['test/no_ads/margins_fixed/cropped/entry/1978_Page_90 (2)_7.png'],N/A,(See Index To Advertisers)
366,FAILED TO PARSE AN ADDRESS,['test/no_ads/margins_fixed/cropped/entry/1978_Page_90 (2)_24.png'],N/A,Advertisers)
367,FAILED TO PARSE AN ADDRESS,['test/no_ads/margins_fixed/cropped/entry/1978_Page_90 (2)_31.png'],N/A,- AND REPAIRERS
368,SCORE LESS THAN CUTOFF,['test/no_ads/margins_fixed/cropped/entry/1978_Page_90 (2)_44.png'],NORTH HOWARD AVE,Corsair Packing Co Inc 314 Howard Bldg
369,FAILED TO PARSE AN ADDRESS,['test/no_ads/margins_fixed/cropped/entry/1978_Page_90 (2)_69.png'],N/A,
370,FAILED TO PARSE AN ADDRESS,['test/no_ads/margins_fixed/cropped/entry/1978_Page_90 (2)_85.png'],N/A,
371,EMPTY STREET,['test/no_ads/margins_fixed/cropped/entry/1978_Page_90 (3)_27.png'],,Perry Irene L'385 Westminster St Rm 26
372,SCORE LESS THAN CUTOFF,"['test/no_ads/margins_fixed/cropped/entry/1978_Page_90 (3)_46.png', 'test/no_ads/margins_fixed/cropped/entry/1978_Page_90 (3)_47.png']",NORTH HOWARD AVE,Transamerica Mutual Fund Sales 1141 Howard Bldg
373,SCORE LESS THAN CUTOFF,['test/no_ads/margins_fixed/cropped/entry/1978_Page_90 (3)_50.png'],NORTH HOWARD AVE,Associated Press 734 Howard Bldg
374,FAILED TO PARSE AN ADDRESS,['test/no_ads/margins_fixed/cropped/entry/1978_Page_90 (3)_53.png'],N/A,
375,FAILED TO PARSE AN ADDRESS,['test/no_ads/margins_fixed/cropped/entry/1978_Page_90 (3)_54.png'],N/A,Howard News Howard Bldg
376,FAILED TO PARSE AN ADDRESS,['test/no_ads/margins_fixed/cropped/entry/1978_Page_90 (3)_64.png'],N/A,
377,SCORE LESS THAN CUTOFF,['test/no_ads/margins_fixed/cropped/entry/1978_Page_90 (3)_73.png'],7TH ST,"AZOREAN TIMES INC (Bi-Lingual), 37"
378,FAILED TO PARSE AN ADDRESS,['test/no_ads/margins_fixed/cropped/entry/1978_Page_90 (3)_79.png'],N/A,EVENING BULLETIN Providence-
379,SCORE LESS THAN CUTOFF,"['test/no_ads/margins_fixed/cropped/entry/1978_Page_90 (3)_80.png', 'test/no_ads/margins_fixed/cropped/entry/1978_Page_90 (3)_81.png']",7TH ST,"Fountain St (02902), Tel 277-7000"
380,SCORE LESS THAN CUTOFF,"['test/no_ads/margins_fixed/cropped/entry/1978_Page_90 (3)_83.png', 'test/no_ads/margins_fixed/cropped/entry/1978_Page_90 (3)_84.png']",I 95,St Rm 209
381,FAILED TO PARSE AN ADDRESS,['test/no_ads/margins_fixed/cropped/entry/1978_Page_90 (3)_85.png'],N/A,
382,SCORE LESS THAN CUTOFF,['test/no_ads/margins_fixed/cropped/entry/1978_Page_90 (3)_87.png'],4TH ST,"(Pawtucket; 02860), Tel 722-4000 -"
383,SCORE LESS THAN CUTOFF,['test/no_ads/margins_fixed/cropped/entry/1978_Page_91 (1)_57.png'],BARKER AVE,Kowalczyk Phyllis A 76 Barrett Av (N Prov)
384,SCORE LESS THAN CUTOFF,"['test/no_ads/margins_fixed/cropped/entry/1978_Page_91 (1)_58.png', 'test/no_ads/margins_fixed/cropped/entry/1978_Page_91 (1)_59.png']",DEARBORN AVE,Lomax Eleanor L Mrs 49 Audubon Av (N Prov)
385,SCORE LESS THAN CUTOFF,['test/no_ads/margins_fixed/cropped/entry/1978_Page_91 (1)_67.png'],SADLER ST,Moriarty Carolyn Mrs 14 Salem Dr (N Prov)
386,EMPTY STREET,"['test/no_ads/margins_fixed/cropped/entry/1978_Page_91 (2)_77.png', 'test/no_ads/margins_fixed/cropped/entry/1978_Page_91 (2)_78.png']",,Sun Oil Co (Ne Central Storehouse) Seaview Dr
387,SCORE LESS THAN CUTOFF,['test/no_ads/margins_fixed/cropped/entry/1978_Page_91 (3)_73.png'],RICE ST,"Berger Joseph 22 Richme'pd St,"
388,FAILED TO PARSE AN ADDRESS,['test/no_ads/margins_fixed/cropped/entry/1978_Page_92 (2)_8.png'],N/A,
389,SCORE LESS THAN CUTOFF,"['test/no_ads/margins_fixed/cropped/entry/1978_Page_92 (2)_12.png', 'test/no_ads/margins_fixed/cropped/entry/1978_Page_92 (2)_13.png']",NORTH HOWARD AVE,Manufacturing Jewelers & Silversmiths Of Am Inc 340 Howard Bldg
390,SCORE LESS THAN CUTOFF,['test/no_ads/margins_fixed/cropped/entry/1978_Page_92 (2)_48.png'],NORTH HOWARD AVE,R I Builders Association 1143 Howard Bldg
391,FAILED TO PARSE AN ADDRESS,['test/no_ads/margins_fixed/cropped/entry/1978_Page_92 (3)_7.png'],N/A,AMALGAMATED CLOTHING &
392,FAILED TO PARSE AN ADDRESS,['test/no_ads/margins_fixed/cropped/entry/1978_Page_93 (1)_51.png'],N/A,GREATER PROVIDENCE YOUNG
393,EMPTY STREET,['test/no_ads/margins_fixed/cropped/entry/1978_Page_93 (1)_53.png'],,"160 Broad St (02903), Tel 331-9200"
394,SCORE LESS THAN CUTOFF,['test/no_ads/margins_fixed/cropped/entry/1978_Page_93 (1)_56.png'],NORTH HOWARD AVE,Health Planning Council Inc 520 Howard Bldg
395,SCORE LESS THAN CUTOFF,['test/no_ads/margins_fixed/cropped/entry/1978_Page_93 (2)_25.png'],CALLA ST,Rosario Society 17 Cavallatti St
396,SCORE LESS THAN CUTOFF,"['test/no_ads/margins_fixed/cropped/entry/1978_Page_93 (3)_31.png', 'test/no_ads/margins_fixed/cropped/entry/1978_Page_93 (3)_32.png']",4TH ST,National Health & Welfare Retirement Assoc One Hosp Trust Plaza 17th Fl
397,SCORE LESS THAN CUTOFF,"['test/no_ads/margins_fixed/cropped/entry/1978_Page_93 (3)_78.png', 'test/no_ads/margins_fixed/cropped/entry/1978_Page_93 (3)_79.png', 'test/no_ads/margins_fixed/cropped/entry/1978_Page_93 (3)_80.png']",HOUGHTON ST,"VOCATIONAL RESOURCES INC 100 Houghton St, Mailing Address PO Box 6663 (02940), Tel (401) 861-2080"
398,FAILED TO PARSE AN ADDRESS,['test/no_ads/margins_fixed/cropped/entry/1978_Page_97 (1)_73.png'],N/A,ELECTROCOATING INDUSTRIES INC
399,SCORE LESS THAN CUTOFF,"['test/no_ads/margins_fixed/cropped/entry/1978_Page_97 (1)_75.png', 'test/no_ads/margins_fixed/cropped/entry/1978_Page_97 (1)_76.png']",WEST RIVER ST,"CONDUCTORS) 7 Tag Drive (N Providence;02911), Tel 353-5810"
400,SCORE LESS THAN CUTOFF,"['test/no_ads/margins_fixed/cropped/entry/1978_Page_97 (2)_2.png', 'test/no_ads/margins_fixed/cropped/entry/1978_Page_97 (2)_3.png']",TARA DR,"GEM PLATING CO 2 Tag Dr (N Providence;02911), Tel 353-4160"
401,FAILED TO PARSE AN ADDRESS,['test/no_ads/margins_fixed/cropped/entry/1978_Page_97 (2)_7.png'],N/A,
402,SCORE LESS THAN CUTOFF,"['test/no_ads/margins_fixed/cropped/entry/1978_Page_97 (2)_58.png', 'test/no_ads/margins_fixed/cropped/entry/1978_Page_97 (2)_59.png']",I 195,"GRECO BROS INC Greco Lane (02909),; Tel 421-9306"
403,SCORE LESS THAN CUTOFF,"['test/no_ads/margins_fixed/cropped/entry/1978_Page_97 (2)_64.png', 'test/no_ads/margins_fixed/cropped/entry/1978_Page_97 (2)_65.png', 'test/no_ads/margins_fixed/cropped/entry/1978_Page_97 (2)_66.png', 'test/no_ads/margins_fixed/cropped/entry/1978_Page_97 (2)_67.png', 'test/no_ads/margins_fixed/cropped/entry/1978_Page_97 (2)_68.png']",PEACE ST,"TECHNIC INC Main Plant And Office 88 Spectacle St (Cranston, 02910), Mailing Address PO Box 965, (Providence, R I 02901), Tel 781-6100 - (See Index To Advertisers)"
404,SCORE LESS THAN CUTOFF,"['test/no_ads/margins_fixed/cropped/entry/1978_Page_97 (3)_51.png', 'test/no_ads/margins_fixed/cropped/entry/1978_Page_97 (3)_52.png']",POTTERS AVE,"Infinity Potters 1311Ne180n st, ' J ' POTTERIES"
405,EMPTY STREET,"['test/no_ads/margins_fixed/cropped/entry/1978_Page_97 (3)_73.png', 'test/no_ads/margins_fixed/cropped/entry/1978_Page_97 (3)_74.png', 'test/no_ads/margins_fixed/cropped/entry/1978_Page_97 (3)_75.png']",0043 ,"ACORN PRINTING CO INC 117-121 Broadway (02903) Tel 421-0718, 421- 0043 (See Index To Advertisers)"
406,FAILED TO PARSE AN ADDRESS,['test/no_ads/margins_fixed/cropped/entry/1978_Page_98 (1)_1.png'],N/A,
407,SCORE LESS THAN CUTOFF,"['test/no_ads/margins_fixed/cropped/entry/1978_Page_98 (1)_2.png', 'test/no_ads/margins_fixed/cropped/entry/1978_Page_98 (1)_3.png']",I 95,"(02909), Tel 272-6560 (See Index To Advertisers)"
408,SCORE LESS THAN CUTOFF,"['test/no_ads/margins_fixed/cropped/entry/1978_Page_98 (1)_5.png', 'test/no_ads/margins_fixed/cropped/entry/1978_Page_98 (1)_6.png']",3RD ST,- Tel 421-4436 (See Index To Advertisers)
409,FAILED TO PARSE AN ADDRESS,['test/no_ads/margins_fixed/cropped/entry/1978_Page_98 (1)_7.png'],N/A,
410,EMPTY STREET,['test/no_ads/margins_fixed/cropped/entry/1978_Page_98 (1)_8.png'],,239 w Park St (02908) Tel 421-2386
411,FAILED TO PARSE AN ADDRESS,['test/no_ads/margins_fixed/cropped/entry/1978_Page_98 (1)_9.png'],N/A,SPAULDING COMPANY INC Printing
412,SCORE LESS THAN CUTOFF,['test/no_ads/margins_fixed/cropped/entry/1978_Page_98 (1)_12.png'],I 195,STERLING GRAPHICS INC 21
413,SCORE LESS THAN CUTOFF,"['test/no_ads/margins_fixed/cropped/entry/1978_Page_98 (1)_13.png', 'test/no_ads/margins_fixed/cropped/entry/1978_Page_98 (1)_14.png', 'test/no_ads/margins_fixed/cropped/entry/1978_Page_98 (1)_15.png']",TELL ST,"TWaterman Av (N Providence; 02911), Tel (401) 231-9420 (See Index To Advertisers)"
414,FAILED TO PARSE AN ADDRESS,['test/no_ads/margins_fixed/cropped/entry/1978_Page_98 (1)_40.png'],N/A,
415,FAILED TO PARSE AN ADDRESS,['test/no_ads/margins_fixed/cropped/entry/1978_Page_98 (1)_56.png'],N/A,
416,FAILED TO PARSE AN ADDRESS,"['test/no_ads/margins_fixed/cropped/entry/1978_Page_98 (1)_68.png', 'test/no_ads/margins_fixed/cropped/entry/1978_Page_98 (1)_69.png']",N/A,Av(N Prov)
417,SCORE LESS THAN CUTOFF,"['test/no_ads/margins_fixed/cropped/entry/1978_Page_98 (1)_74.png', 'test/no_ads/margins_fixed/cropped/entry/1978_Page_98 (1)_75.png']",ATWELLS AVE,"(02905), Tels 941-1110 And 941-1111"
418,EMPTY STREET,['test/no_ads/margins_fixed/cropped/entry/1978_Page_98 (1)_76.png'],,Parkway Printing Serv 104Academy Av
419,FAILED TO PARSE AN ADDRESS,['test/no_ads/margins_fixed/cropped/entry/1978_Page_98 (1)_80.png'],N/A,Postal Instant Press Howard Bldg
420,FAILED TO PARSE AN ADDRESS,"['test/no_ads/margins_fixed/cropped/entry/1978_Page_98 (1)_89.png', 'test/no_ads/margins_fixed/cropped/entry/1978_Page_98 (1)_90.png']",N/A,St
421,SCORE LESS THAN CUTOFF,['test/no_ads/margins_fixed/cropped/entry/1978_Page_98 (1)_91.png'],ELM ST,S & A Printing Inc 9 Thelma St (N Prov)
422,FAILED TO PARSE AN ADDRESS,['test/no_ads/margins_fixed/cropped/entry/1978_Page_98 (1)_102.png'],N/A,
423,FAILED TO PARSE AN ADDRESS,['test/no_ads/margins_fixed/cropped/entry/1978_Page_98 (2)_1.png'],N/A,PRINTERS-BUUK AN U UUMMbanAL
424,SCORE LESS THAN CUTOFF,['test/no_ads/margins_fixed/cropped/entry/1978_Page_98 (2)_55.png'],I 95,. 215
425,FAILED TO PARSE AN ADDRESS,['test/no_ads/margins_fixed/cropped/entry/1978_Page_98 (2)_62.png'],N/A,NARRAGANSETT
426,FAILED TO PARSE AN ADDRESS,['test/no_ads/margins_fixed/cropped/entry/1978_Page_98 (2)_69.png'],N/A,PROVIDENCE GAS
427,SCORE LESS THAN CUTOFF,['test/no_ads/margins_fixed/cropped/entry/1978_Page_98 (2)_75.png'],10TH ST,831-8800
428,SCORE LESS THAN CUTOFF,"['test/no_ads/margins_fixed/cropped/entry/1978_Page_98 (3)_3.png', 'test/no_ads/margins_fixed/cropped/entry/1978_Page_98 (3)_4.png']",8TH ST,Westminster St Rm 418
429,FAILED TO PARSE AN ADDRESS,['test/no_ads/margins_fixed/cropped/entry/1978_Page_98 (3)_14.png'],N/A,
430,FAILED TO PARSE AN ADDRESS,['test/no_ads/margins_fixed/cropped/entry/1978_Page_98 (3)_21.png'],N/A,
431,FAILED TO PARSE AN ADDRESS,['test/no_ads/margins_fixed/cropped/entry/1978_Page_98 (3)_22.png'],N/A,600 WASHINGTON STREET
432,SCORE LESS THAN CUTOFF,"['test/no_ads/margins_fixed/cropped/entry/1978_Page_98 (3)_26.png', 'test/no_ads/margins_fixed/cropped/entry/1978_Page_98 (3)_27.png']",10TH ST,Waterman St Rm 400
433,FAILED TO PARSE AN ADDRESS,['test/no_ads/margins_fixed/cropped/entry/1978_Page_98 (3)_30.png'],N/A,DART UNION COMPANY INC Marine-
434,SCORE LESS THAN CUTOFF,"['test/no_ads/margins_fixed/cropped/entry/1978_Page_98 (3)_35.png', 'test/no_ads/margins_fixed/cropped/entry/1978_Page_98 (3)_36.png']",4TH ST,St 4th Fl
435,FAILED TO PARSE AN ADDRESS,"['test/no_ads/margins_fixed/cropped/entry/1978_Page_98 (3)_39.png', 'test/no_ads/margins_fixed/cropped/entry/1978_Page_98 (3)_40.png']",N/A,Prov)
436,SCORE LESS THAN CUTOFF,['test/no_ads/margins_fixed/cropped/entry/1978_Page_98 (3)_43.png'],NORTH HOWARD AVE,W E A N-W P J B-F M 940 Howard Bldg
437,FAILED TO PARSE AN ADDRESS,['test/no_ads/margins_fixed/cropped/entry/1978_Page_98 (3)_53.png'],N/A,
438,FAILED TO PARSE AN ADDRESS,['test/no_ads/margins_fixed/cropped/entry/1978_Page_98 (3)_57.png'],N/A,
439,FAILED TO PARSE AN ADDRESS,['test/no_ads/margins_fixed/cropped/entry/1978_Page_99 (1)_26.png'],N/A,Christian Science Reading Room Howard Bldg
440,SCORE LESS THAN CUTOFF,['test/no_ads/margins_fixed/cropped/entry/1978_Page_99 (2)_37.png'],STEELE ST,City Hall Realty 37 Seekell St
441,SCORE LESS THAN CUTOFF,"['test/no_ads/margins_fixed/cropped/entry/1978_Page_99 (3)_15.png', 'test/no_ads/margins_fixed/cropped/entry/1978_Page_99 (3)_16.png', 'test/no_ads/margins_fixed/cropped/entry/1978_Page_99 (3)_17.png', 'test/no_ads/margins_fixed/cropped/entry/1978_Page_99 (3)_18.png', 'test/no_ads/margins_fixed/cropped/entry/1978_Page_99 (3)_19.png']",WESTMINSTER ST,"GROSS G L & H J INC Est 1888, Location 1100 Turks Head Bldg, 76 Westminster St, Providence, R I (02903), Tel 272-5400 (See Index To Advertisers)"
442,FAILED TO PARSE AN ADDRESS,['test/no_ads/margins_fixed/cropped/entry/1978_Page_99 (3)_33.png'],N/A,Howard Realty Co Howard Bldg
443,SCORE LESS THAN CUTOFF,['test/no_ads/margins_fixed/cropped/entry/1978_Page_101 (1)_57.png'],LOCUST AVE,Adolph1s Place 1181 Douglas Av (N Prov)
444,SCORE LESS THAN CUTOFF,"['test/no_ads/margins_fixed/cropped/entry/1978_Page_101 (2)_35.png', 'test/no_ads/margins_fixed/cropped/entry/1978_Page_101 (2)_36.png', 'test/no_ads/margins_fixed/cropped/entry/1978_Page_101 (2)_37.png', 'test/no_ads/margins_fixed/cropped/entry/1978_Page_101 (2)_38.png', 'test/no_ads/margins_fixed/cropped/entry/1978_Page_101 (2)_39.png']",ADMIRAL ST,"CHIN1S RESTAURANT Chinese And American Foods, 1000 Admiral St, Admiral Plaza (N Providence; 02904), Tel 353-9826 (See Index To Advertisers)"
445,SCORE LESS THAN CUTOFF,['test/no_ads/margins_fixed/cropped/entry/1978_Page_101 (3)_14.png'],LOCUST AVE,Food Trends Corp 1195 Douglas Av (N Prov)
446,SCORE LESS THAN CUTOFF,['test/no_ads/margins_fixed/cropped/entry/1978_Page_101 (3)_27.png'],LOCUST AVE,Geneva Diner Inc 1162 Douglas Av (N Prov)
447,FAILED TO PARSE AN ADDRESS,['test/no_ads/margins_fixed/cropped/entry/1978_Page_101 (3)_53.png'],N/A,Ivy Room Wriston Quadrangle
448,SCORE LESS THAN CUTOFF,['test/no_ads/margins_fixed/cropped/entry/1978_Page_101 (3)_59.png'],LOCUST AVE,Jimmy1s Lunch 1394 Douglas Av (N Prov)
449,FAILED TO PARSE AN ADDRESS,['test/no_ads/margins_fixed/cropped/entry/1978_Page_103 (1)_7.png'],N/A,(See Index To Advertisters)
450,FAILED TO PARSE AN ADDRESS,['test/no_ads/margins_fixed/cropped/entry/1978_Page_103 (1)_9.png'],N/A,FIRST FEDERAL SAVINGS
451,EMPTY STREET,['test/no_ads/margins_fixed/cropped/entry/1978_Page_103 (1)_45.png'],,Brown University Prospect St
452,FAILED TO PARSE AN ADDRESS,['test/no_ads/margins_fixed/cropped/entry/1978_Page_103 (1)_46.png'],N/A,Brown University Wriston Quadrangle
453,SCORE LESS THAN CUTOFF,"['test/no_ads/margins_fixed/cropped/entry/1978_Page_103 (1)_72.png', 'test/no_ads/margins_fixed/cropped/entry/1978_Page_103 (1)_73.png']",CONSTITUTION HILL ST,Johnson 87 Wales Reading Institute 8 Abbott Park Pl
454,SCORE LESS THAN CUTOFF,"['test/no_ads/margins_fixed/cropped/entry/1978_Page_103 (2)_31.png', 'test/no_ads/margins_fixed/cropped/entry/1978_Page_103 (2)_32.png', 'test/no_ads/margins_fixed/cropped/entry/1978_Page_103 (2)_33.png', 'test/no_ads/margins_fixed/cropped/entry/1978_Page_103 (2)_34.png']",TIDD ST,"RHODE ISLAND SCHOOL OF ELECTRONICS 14 Third St (02906), Tel (401) 861-9664 (See Index To Advertisers)"
455,SCORE LESS THAN CUTOFF,"['test/no_ads/margins_fixed/cropped/entry/1978_Page_103 (2)_54.png', 'test/no_ads/margins_fixed/cropped/entry/1978_Page_103 (2)_55.png']",CEMETERY ST,Woodward Elementary School 15 Terry St (N Prov)
456,SCORE LESS THAN CUTOFF,['test/no_ads/margins_fixed/cropped/entry/1978_Page_103 (2)_89.png'],VERNDALE AVE,Saint Thomas Regional School 15 Edendale Av
457,SCORE LESS THAN CUTOFF,"['test/no_ads/margins_fixed/cropped/entry/1978_Page_103 (3)_41.png', 'test/no_ads/margins_fixed/cropped/entry/1978_Page_103 (3)_42.png']",LOCUST AVE,Olney Stephen Elementary School 1378 Douglas Av (N Prov)
458,FAILED TO PARSE AN ADDRESS,['test/no_ads/margins_fixed/cropped/entry/1978_Page_103 (3)_49.png'],N/A,Rhode Island School For Deaf Corliss Park
459,SCORE LESS THAN CUTOFF,['test/no_ads/margins_fixed/cropped/entry/1978_Page_103 (3)_64.png'],SOMERSET ST,Ludman 85 Co 21 Pomfret St
460,SCORE LESS THAN CUTOFF,"['test/no_ads/margins_fixed/cropped/entry/1978_Page_105 (1)_7.png', 'test/no_ads/margins_fixed/cropped/entry/1978_Page_105 (1)_8.png']",I 195,S W Industries Inc One Hosp Trust Plaza 22d F1
461,SCORE LESS THAN CUTOFF,['test/no_ads/margins_fixed/cropped/entry/1978_Page_105 (2)_11.png'],NORTH HOWARD AVE,Tager Steamship Agency 714 Howard Bldg
462,FAILED TO PARSE AN ADDRESS,['test/no_ads/margins_fixed/cropped/entry/1978_Page_105 (2)_20.png'],N/A,Greco Bros Inc Greco La
463,SCORE LESS THAN CUTOFF,['test/no_ads/margins_fixed/cropped/entry/1978_Page_105 (2)_31.png'],NORTH HOWARD AVE,Reporting Associates 619 Howard Bldg
464,SCORE LESS THAN CUTOFF,"['test/no_ads/margins_fixed/cropped/entry/1978_Page_105 (2)_47.png', 'test/no_ads/margins_fixed/cropped/entry/1978_Page_105 (2)_48.png', 'test/no_ads/margins_fixed/cropped/entry/1978_Page_105 (2)_49.png']",WESTMINSTER ST,"MILLER & GEORGE 030 Hospital Trust Bldg, 15 Westminster St, (02903) Tel 421-6070, Newport, Enterprise 3535"
465,SCORE LESS THAN CUTOFF,"['test/no_ads/margins_fixed/cropped/entry/1978_Page_105 (3)_53.png', 'test/no_ads/margins_fixed/cropped/entry/1978_Page_105 (3)_54.png']",BARKER AVE,Palma Tony Tailor Shop 148 Barrett Av (N Prov)
466,FAILED TO PARSE AN ADDRESS,['test/no_ads/margins_fixed/cropped/entry/1978_Page_106 (2)_3.png'],N/A,Throop Alley I Thrqop Al
467,FAILED TO PARSE AN ADDRESS,['test/no_ads/margins_fixed/cropped/entry/1978_Page_106 (2)_44.png'],N/A,NEW ENGLAND TELEPHONE AND
468,SCORE LESS THAN CUTOFF,['test/no_ads/margins_fixed/cropped/entry/1978_Page_106 (2)_46.png'],11TH ST,"Washington St (02901), Tel 525-9911"
469,EMPTY STREET,"['test/no_ads/margins_fixed/cropped/entry/1978_Page_106 (2)_61.png', 'test/no_ads/margins_fixed/cropped/entry/1978_Page_106 (2)_62.png', 'test/no_ads/margins_fixed/cropped/entry/1978_Page_106 (2)_63.png']",12 ,"W P R I TELEVISION CHANNEL 12 (ABC) 25 Catamore Blvd (East Providence, 02914), Tel 438-7200"
470,SCORE LESS THAN CUTOFF,"['test/no_ads/margins_fixed/cropped/entry/1978_Page_106 (3)_3.png', 'test/no_ads/margins_fixed/cropped/entry/1978_Page_106 (3)_4.png']",CHANDLER ST,Di Preteis T V Service 82 Antenna 33 Alexander St (N Prov)
471,SCORE LESS THAN CUTOFF,"['test/no_ads/margins_fixed/cropped/entry/1978_Page_106 (3)_72.png', 'test/no_ads/margins_fixed/cropped/entry/1978_Page_106 (3)_73.png']",BAKER ST,"JENNINGS BROS INC 375 Quaker Lane, (West Warwick, 02893), Tel 828-1220"
472,FAILED TO PARSE AN ADDRESS,['test/no_ads/margins_fixed/cropped/entry/1978_Page_107 (1)_4.png'],N/A,COMMONWEALTH LAN D TITLE
473,FAILED TO PARSE AN ADDRESS,['test/no_ads/margins_fixed/cropped/entry/1978_Page_107 (1)_12.png'],N/A,(See Index To Advertisers)
474,SCORE LESS THAN CUTOFF,"['test/no_ads/margins_fixed/cropped/entry/1978_Page_107 (1)_38.png', 'test/no_ads/margins_fixed/cropped/entry/1978_Page_107 (1)_39.png']",FENWAY ST,Allied Machine Products Inc 200 Tiffany St (N Prov)
475,FAILED TO PARSE AN ADDRESS,['test/no_ads/margins_fixed/cropped/entry/1978_Page_107 (1)_51.png'],N/A,11111
476,SCORE LESS THAN CUTOFF,['test/no_ads/margins_fixed/cropped/entry/1978_Page_107 (2)_3.png'],7TH ST,UNIQUE TOWEL SERVICE INC 1237
477,SCORE LESS THAN CUTOFF,['test/no_ads/margins_fixed/cropped/entry/1978_Page_107 (2)_4.png'],4TH ST,"Eimwood Av (02907), Tel 941-4320"
478,FAILED TO PARSE AN ADDRESS,['test/no_ads/margins_fixed/cropped/entry/1978_Page_107 (2)_19.png'],N/A,
479,EMPTY STREET,"['test/no_ads/margins_fixed/cropped/entry/1978_Page_107 (2)_20.png', 'test/no_ads/margins_fixed/cropped/entry/1978_Page_107 (2)_21.png']",,Serpa Matthew Transportation Inc'8 Blundell St
480,FAILED TO PARSE AN ADDRESS,['test/no_ads/margins_fixed/cropped/entry/1978_Page_107 (2)_58.png'],N/A,Paragon Tours Howard Bldg
481,FAILED TO PARSE AN ADDRESS,['test/no_ads/margins_fixed/cropped/entry/1978_Page_107 (2)_80.png'],N/A,RHODE ISLAND
482,FAILED TO PARSE AN ADDRESS,['test/no_ads/margins_fixed/cropped/entry/1978_Page_107 (2)_82.png'],N/A,NATIONAL BANK
483,SCORE LESS THAN CUTOFF,['test/no_ads/margins_fixed/cropped/entry/1978_Page_107 (3)_1.png'],BONANZA WY,IRA V 15111955 bnnan-buu 1 u
484,FAILED TO PARSE AN ADDRESS,['test/no_ads/margins_fixed/cropped/entry/1978_Page_107 (3)_15.png'],N/A,(See Index To Advertisters)
485,SCORE LESS THAN CUTOFF,['test/no_ads/margins_fixed/cropped/entry/1978_Page_107 (3)_17.png'],HAYWARD ST,MerPs Trophies 82 Award81377 Broad St
486,EMPTY STREET,['test/no_ads/margins_fixed/cropped/entry/1978_Page_107 (3)_26.png'],,Associated Transport Inc Okie St
487,EMPTY STREET,['test/no_ads/margins_fixed/cropped/entry/1978_Page_107 (3)_30.png'],,Chappron Ronald 35131525211 St Apt 9
488,FAILED TO PARSE AN ADDRESS,['test/no_ads/margins_fixed/cropped/entry/1978_Page_107 (3)_46.png'],N/A,
489,SCORE LESS THAN CUTOFF,"['test/no_ads/margins_fixed/cropped/entry/1978_Page_107 (3)_62.png', 'test/no_ads/margins_fixed/cropped/entry/1978_Page_107 (3)_63.png']",LOCUST AVE,Albanese Trucking Co Inc 1204 Douglas Av (N Prov)
490,FAILED TO PARSE AN ADDRESS,['test/no_ads/margins_fixed/cropped/entry/1978_Page_107 (3)_76.png'],N/A,CLAFLIN COMPAN Y THE
491,FAILED TO PARSE AN ADDRESS,['test/no_ads/margins_fixed/cropped/entry/1978_Page_107 (3)_79.png'],N/A,(See Index To Advertisers)
492,FAILED TO PARSE AN ADDRESS,['test/no_ads/margins_fixed/cropped/entry/1978_Page_107 (3)_83.png'],N/A,
493,FAILED TO PARSE AN ADDRESS,['test/no_ads/margins_fixed/cropped/entry/1978_Page_108 (1)_1.png'],N/A,TRUST COMPANIEs-com
494,FAILED TO PARSE AN ADDRESS,['test/no_ads/margins_fixed/cropped/entry/1978_Page_108 (1)_6.png'],N/A,RHODE ISLAND
495,FAILED TO PARSE AN ADDRESS,['test/no_ads/margins_fixed/cropped/entry/1978_Page_108 (1)_20.png'],N/A,
496,FAILED TO PARSE AN ADDRESS,['test/no_ads/margins_fixed/cropped/entry/1978_Page_108 (1)_22.png'],N/A,(See Index To Advertisters)
497,FAILED TO PARSE AN ADDRESS,['test/no_ads/margins_fixed/cropped/entry/1978_Page_108 (1)_27.png'],N/A,
498,FAILED TO PARSE AN ADDRESS,['test/no_ads/margins_fixed/cropped/entry/1978_Page_108 (1)_28.png'],N/A,
499,SCORE LESS THAN CUTOFF,['test/no_ads/margins_fixed/cropped/entry/1978_Page_108 (1)_29.png'],FOREST VIEW DR,S217gent Francis E Rehab Cntr For Disorders
500,SCORE LESS THAN CUTOFF,['test/no_ads/margins_fixed/cropped/entry/1978_Page_108 (1)_34.png'],DRYDEN LN,M 82 S Photo Set Inc 27 Dryden La
501,FAILED TO PARSE AN ADDRESS,"['test/no_ads/margins_fixed/cropped/entry/1978_Page_108 (1)_39.png', 'test/no_ads/margins_fixed/cropped/entry/1978_Page_108 (1)_40.png']",N/A,
502,FAILED TO PARSE AN ADDRESS,['test/no_ads/margins_fixed/cropped/entry/1978_Page_108 (1)_43.png'],N/A,DRABBLE-SHERMAN FUNERAL HOME
503,SCORE LESS THAN CUTOFF,"['test/no_ads/margins_fixed/cropped/entry/1978_Page_108 (1)_44.png', 'test/no_ads/margins_fixed/cropped/entry/1978_Page_108 (1)_45.png']",BENTON ST,"INC 309 Benth St (02903), Tel 421- 9887 (See Index To Advertisers)"
504,SCORE LESS THAN CUTOFF,['test/no_ads/margins_fixed/cropped/entry/1978_Page_108 (1)_47.png'],JUSTICE ST,MichaePs Inc 35 Spicer St (N Prov)
505,FAILED TO PARSE AN ADDRESS,['test/no_ads/margins_fixed/cropped/entry/1978_Page_108 (1)_54.png'],N/A,
506,SCORE LESS THAN CUTOFF,['test/no_ads/margins_fixed/cropped/entry/1978_Page_108 (1)_73.png'],IVES ST,John1s Upholstery 10514 IvesASt
507,SCORE LESS THAN CUTOFF,['test/no_ads/margins_fixed/cropped/entry/1978_Page_108 (2)_1.png'],HUGO ST,UPHOLSTERERS-CUN 1 u
508,FAILED TO PARSE AN ADDRESS,['test/no_ads/margins_fixed/cropped/entry/1978_Page_108 (2)_2.png'],N/A,
509,FAILED TO PARSE AN ADDRESS,['test/no_ads/margins_fixed/cropped/entry/1978_Page_108 (2)_5.png'],N/A,
510,FAILED TO PARSE AN ADDRESS,['test/no_ads/margins_fixed/cropped/entry/1978_Page_108 (2)_13.png'],N/A,NARRAGANSETT
511,SCORE LESS THAN CUTOFF,['test/no_ads/margins_fixed/cropped/entry/1978_Page_108 (2)_48.png'],OREGON AVE,De Ninnd Store 15 Lexington Av (N Prov)
512,FAILED TO PARSE AN ADDRESS,['test/no_ads/margins_fixed/cropped/entry/1978_Page_108 (2)_64.png'],N/A,
513,FAILED TO PARSE AN ADDRESS,['test/no_ads/margins_fixed/cropped/entry/1978_Page_108 (2)_77.png'],N/A,
514,FAILED TO PARSE AN ADDRESS,['test/no_ads/margins_fixed/cropped/entry/1978_Page_108 (2)_78.png'],N/A,
515,SCORE LESS THAN CUTOFF,['test/no_ads/margins_fixed/cropped/entry/1978_Page_108 (3)_3.png'],BRANCH AVE,Capitol Music Vending Co 872ABran-ch AAv
516,FAILED TO PARSE AN ADDRESS,['test/no_ads/margins_fixed/cropped/entry/1978_Page_108 (3)_7.png'],N/A,
517,FAILED TO PARSE AN ADDRESS,['test/no_ads/margins_fixed/cropped/entry/1978_Page_108 (3)_12.png'],N/A,
518,SCORE LESS THAN CUTOFF,"['test/no_ads/margins_fixed/cropped/entry/1978_Page_108 (3)_25.png', 'test/no_ads/margins_fixed/cropped/entry/1978_Page_108 (3)_26.png']",SIMMONS ST,"CARTIER M N 82 SONS CO INC 65
Bath St (02908), Tel 331-0400 (See Index To Advertisers)"
519,FAILED TO PARSE AN ADDRESS,['test/no_ads/margins_fixed/cropped/entry/1978_Page_108 (3)_28.png'],N/A,
520,FAILED TO PARSE AN ADDRESS,['test/no_ads/margins_fixed/cropped/entry/1978_Page_108 (3)_37.png'],N/A,
521,SCORE LESS THAN CUTOFF,['test/no_ads/margins_fixed/cropped/entry/1978_Page_108 (3)_38.png'],LORRAINE AVE,"55,11 Corporation Of Rhode Island The 315"
522,FAILED TO PARSE AN ADDRESS,['test/no_ads/margins_fixed/cropped/entry/1978_Page_108 (3)_53.png'],N/A,
523,SCORE LESS THAN CUTOFF,['test/no_ads/margins_fixed/cropped/entry/1978_Page_108 (3)_64.png'],4TH ST,"Rm 24
Providence Watch Hospital Inc 69 Dorrance St"
524,SCORE LESS THAN CUTOFF,"['test/no_ads/margins_fixed/cropped/entry/1978_Page_109 (1)_25.png', 'test/no_ads/margins_fixed/cropped/entry/1978_Page_109 (1)_26.png']",7TH ST,St Rm 307
525,FAILED TO PARSE AN ADDRESS,['test/no_ads/margins_fixed/cropped/entry/1978_Page_109 (1)_51.png'],N/A,xJ-
526,SCORE LESS THAN CUTOFF,"['test/no_ads/margins_fixed/cropped/entry/1978_Page_109 (2)_8.png', 'test/no_ads/margins_fixed/cropped/entry/1978_Page_109 (2)_9.png']",10TH ST,St Rm 20
527,FAILED TO PARSE AN ADDRESS,"['test/no_ads/margins_fixed/cropped/entry/1978_Page_109 (2)_15.png', 'test/no_ads/margins_fixed/cropped/entry/1978_Page_109 (2)_16.png']",N/A,
528,SCORE LESS THAN CUTOFF,['test/no_ads/margins_fixed/cropped/entry/1978_Page_109 (3)_9.png'],I 95,LEMIRE RARE WOOD FINDINGS 405
529,SCORE LESS THAN CUTOFF,"['test/no_ads/margins_fixed/cropped/entry/1978_Page_109 (3)_10.png', 'test/no_ads/margins_fixed/cropped/entry/1978_Page_109 (3)_11.png']",11TH ST,F Broadway (02909) Tel 421-4116 (See Index To Advertisers)
530,FAILED TO PARSE AN ADDRESS,"['test/no_ads/margins_fixed/cropped/entry/1978_Page_109 (3)_13.png', 'test/no_ads/margins_fixed/cropped/entry/1978_Page_109 (3)_14.png']",N/A,Av(N Prov)
531,FAILED TO PARSE AN ADDRESS,['test/no_ads/margins_fixed/cropped/entry/1978_Page_109 (3)_15.png'],N/A,
532,FAILED TO PARSE AN ADDRESS,['test/no_ads/margins_fixed/cropped/entry/1978_Page_109 (3)_18.png'],N/A,
533,FAILED TO PARSE AN ADDRESS,['test/no_ads/margins_fixed/cropped/entry/1978_Page_109 (3)_23.png'],N/A,RUSTICATED BEAMS INC 'Only Makers
